,pc1,pc2,pc3,pc4
0,-11.9607,4.82836,-1.46208,-1.24398
1,-11.7458,4.75823,0.667833,-0.724155
2,-10.6585,4.85544,-1.11556,-0.432798
3,-9.42852,4.59467,-0.338129,0.705446
4,-9.51109,3.77862,-0.482176,1.02703
5,-8.56388,3.54668,0.195885,1.53971
6,-7.83705,3.07048,-0.247912,0.676147
7,-7.26455,1.93018,-2.04195,-0.0987363
8,-4.99449,0.312115,-2.08488,-0.576281
9,-0.938206,-1.05986,-1.55696,-0.342986
10,4.52684,-2.4355,-2.35593,0.249697
11,8.90726,-2.67036,-1.93304,1.59306
12,7.77331,-2.69001,-3.00351,0.700171
13,8.06767,-1.9419,-2.66546,0.474265
14,7.37569,-1.16068,-2.36558,0.8819
15,5.08154,-0.488951,-3.74292,-0.412346
16,5.90216,-0.533694,-3.95552,-1.4223
17,5.0825,-1.0727,-3.92472,-1.83961
18,5.04547,-0.988513,-4.88586,-3.3
19,4.70348,-0.400275,-4.32455,-3.55977
20,3.50105,-1.20307,-5.08884,-4.11635
21,5.3618,-2.12846,-4.41187,-3.25526
22,4.52466,-1.00231,-3.13539,-3.18282
23,1.91856,-0.996824,-1.87138,-3.13653
24,0.259122,-0.562133,-1.24206,-2.67057
25,-0.452392,0.347164,-0.676243,-1.66047
26,-0.331503,1.13146,-1.11344,-0.618458
27,1.10267,0.353632,-2.35546,0.115779
28,0.971251,-0.32661,-1.64009,0.755668
29,1.28198,0.633894,-1.16144,-0.428305
30,0.850401,1.04243,-1.18048,-1.00379
31,-1.28791,0.595506,-1.13203,-0.847809
32,-0.983121,0.221998,-0.54781,-0.88194
33,0.669057,-0.0554655,-1.06349,-0.779066
34,1.93021,-1.41362,-2.2499,0.478815
35,4.39445,-2.13677,-1.91368,0.0995014
36,5.21849,-3.0038,-1.25895,1.13549
37,3.68569,-3.21697,-1.09514,0.797152
38,1.87197,-3.30472,0.785627,2.39708
39,1.28254,-2.37831,-0.162717,3.78116
40,-1.45592,-3.53436,-0.846489,4.36855
41,-0.878062,-2.97022,-1.7176,1.24541
42,-2.34736,-0.14799,-1.77827,-1.92348
43,-3.64449,2.6313,-3.38266,-3.55694
44,-2.66419,3.43852,-2.69969,-2.56674
45,-1.47632,3.91712,-3.2246,-1.93916
46,0.884193,3.75859,-3.41165,-1.64552
47,1.33221,4.90029,-3.13122,-0.236073
48,5.31086,5.60861,-3.1166,-0.426899
49,7.53956,5.7106,-2.4571,-0.139576
50,6.8359,5.48913,-3.76557,-0.515396
51,6.79618,4.31809,-2.9494,0.722805
52,5.80165,3.68028,-1.87037,-0.173243
53,4.3699,2.68366,-1.48681,-1.84008
54,3.86979,0.440468,-1.58608,-0.638741
55,4.21141,-1.69615,-0.741386,0.493034
56,4.00594,-1.047,-0.909944,-0.0528696
57,3.75756,0.250549,0.636183,0.208961
58,7.36744,1.42853,-0.694245,-1.05752
59,7.95998,0.212818,-0.144964,-3.26331
60,7.05301,-1.28496,4.59758,-4.86681
61,7.84545,-3.96971,9.83258,-4.7908
62,8.8127,-3.94955,3.77553,-1.93773
63,8.07487,-3.22584,1.60371,-0.198662
64,8.26354,-2.24632,-0.00916842,1.04531
65,7.65053,-1.25016,0.157861,1.1576
66,5.73447,-0.638792,0.993659,2.42607
67,5.5806,0.485526,-1.17989,1.7727
68,7.41035,-0.133249,-1.99583,3.06591
69,7.08029,-0.918285,-0.828512,2.10936
70,6.98634,-1.11976,-1.1713,1.02417
71,6.51053,-3.23979,-1.83974,-0.833416
72,6.72892,-3.85686,-1.89495,-1.91047
73,6.43314,-4.36323,-1.85472,-2.79327
74,4.05694,-5.22321,-2.54542,-2.29505
75,1.29721,-5.30119,-2.61602,-1.99563
76,-0.739977,-4.8989,-2.72731,-2.74506
77,0.481957,-3.62084,-3.80469,-4.30927
78,1.38161,-3.42589,-2.38484,-3.26336
79,2.88509,-1.30495,-1.64754,-4.43405
80,5.84053,-0.0928733,-2.44313,-2.94785
81,10.0603,-0.910567,-1.4693,-2.32736
82,14.7335,-1.38022,-2.29975,-2.16043
83,13.6553,-4.54893,-1.67724,-3.59455
84,11.9954,-6.08458,-0.246998,-3.41046
85,9.23585,-8.18934,0.00100889,-1.75308
86,7.47598,-8.69475,-1.57949,-0.0503877
87,5.55202,-9.43568,-2.0108,0.142224
88,5.22802,-10.4005,-2.17975,-1.20778
89,5.41844,-10.6974,-1.63906,-0.723853
90,5.09632,-10.242,-1.27937,-1.76531
91,3.04708,-8.3213,-2.26363,-4.49244
92,2.59065,-8.19103,-2.42232,-2.62936
93,1.98275,-6.85745,-3.00769,-2.92828
94,2.41057,-5.71033,-1.69206,-2.0352
95,2.3433,-4.51444,-1.47714,-3.02115
96,5.55608,-3.73594,-0.775248,-4.01291
97,5.75648,-3.03517,0.251845,-5.17768
98,2.9865,-2.03183,-3.17364,-4.79017
99,0.348599,-1.87216,-5.35234,-4.97646
100,-2.22219,-1.73996,-5.96604,-3.34381
101,-3.82158,-0.170443,-5.65038,-2.85717
102,-7.07359,0.13066,-4.1722,-2.20306
103,-11.4655,0.000292447,-2.62433,-2.9239
104,-12.7931,-0.463002,-1.50971,-1.68689
105,-14.2665,-0.32206,-2.21784,-1.13565
106,-14.5014,0.622797,-3.67531,0.238983
107,-12.33,-0.0055811,-2.52905,-0.0212714
108,-11.3983,-0.0599107,-0.778617,0.974977
109,-11.0494,-1.07246,-0.105434,0.796378
110,-9.56689,-0.999293,0.429768,0.23815
111,-9.8653,-2.01114,-2.28662,0.658021
112,-10.4806,-0.985466,-4.36738,0.0681891
113,-11.2495,-1.10523,-5.06269,-0.0121919
114,-12.9676,-0.152121,-6.10641,-1.10772
115,-13.053,0.371129,-6.15768,-0.289771
116,-14.5347,0.338357,-6.14935,-0.0470295
117,-15.6926,0.608744,-5.63379,-0.0173938
118,-16.3589,0.479105,-5.19319,0.373254
119,-17.3282,-0.286758,-4.13679,0.512857
120,-18.5468,-0.556078,-4.08097,-0.431508
121,-18.6621,0.40588,-3.41696,0.205161
122,-18.1503,1.93262,-2.52808,-0.745488
123,-16.325,2.59227,-3.63994,-1.68046
124,-16.7505,1.8506,-3.58412,-1.12073
125,-17.7566,0.403083,-3.51738,-0.634796
126,-16.8071,0.477937,-3.40365,-1.51926
127,-13.9154,-0.803147,-3.33993,-2.12371
128,-10.8085,-1.89563,-4.2829,-1.70934
129,-9.82187,-2.76968,-5.6491,-1.71611
130,-9.10877,-3.99439,-6.14621,-1.13331
131,-7.61946,-5.60011,-6.2481,-0.274594
132,-9.37515,-6.58124,-5.9941,0.17553
133,-10.0279,-6.7654,-5.70238,-0.0317799
134,-11.7722,-6.06056,-5.32529,0.0333668
135,-12.3305,-5.75282,-5.21307,0.988362
136,-14.0992,-4.42774,-5.82952,-0.303353
137,-14.9856,-3.39989,-4.58534,-0.576758
138,-13.9097,0.0917938,-3.30374,-0.156158
139,-12.152,0.998628,-3.62615,-0.99167
140,-10.34,0.125614,-1.84477,0.344597
141,-6.61871,-1.3419,-0.340197,1.36281
142,-4.2738,-0.181749,0.770091,0.578058
143,-5.381,-0.93236,2.30842,1.93331
144,-5.60549,0.233483,0.960234,1.62091
145,-6.8314,0.541388,-1.88359,1.27452
146,-7.75006,1.50009,-2.89193,2.14596
147,-7.17555,1.54706,-4.21115,0.68579
148,-8.99892,1.58392,-4.29154,-0.26368
149,-9.05016,2.32649,-5.00827,-2.30212
150,-9.30341,2.25587,-5.56773,-0.937553
151,-10.8073,1.02957,-6.417,-1.59004
152,-15.1567,-1.88728,-7.1366,-0.148522
153,-15.7132,-2.79868,-3.5046,-0.695392
154,-18.9921,-3.23942,-2.5537,-1.28512
155,-17.9,-2.29616,-2.00896,-1.66667
156,-13.5562,-1.57624,-0.612409,-0.734478
157,-9.42212,-1.01547,0.191623,0.654613
158,-5.83164,-0.127095,-1.01326,1.08759
159,-2.81531,1.2239,-2.66812,2.64122
160,-0.401609,2.94131,-2.31814,1.89488
161,1.02968,2.65416,0.537527,1.15432
162,2.49813,2.40381,0.0180151,-0.453279
163,7.07502,3.64834,-0.404269,-1.40184
164,12.4915,3.37244,-1.47624,-0.995248
165,8.9277,1.62403,-1.37831,0.508072
166,8.36031,2.1036,-2.00013,0.303076
167,9.11349,3.69581,-1.34932,-0.0817701
168,9.88103,4.5422,-2.62586,-0.766954
169,8.14955,2.05996,-1.45082,0.0198556
170,6.98783,-0.253886,2.05212,-1.33223
171,5.10663,-0.778192,1.05725,-0.909646
172,7.31919,-0.271655,1.14213,-1.17283
173,9.38544,-1.22628,0.222044,-0.6228
174,9.06549,-0.570584,-1.23944,0.0506875
175,8.03687,1.49858,-1.96239,-0.450524
176,7.75804,2.33226,-1.55337,-1.22798
177,9.04783,1.57738,-1.10863,-1.73879
178,9.88747,0.0789667,-1.40731,-2.00234
179,6.92135,-0.755037,-1.0384,-1.69781
180,5.63882,-1.66603,-1.19423,-1.4639
181,4.68047,-3.54417,-1.39857,0.0924763
182,2.95645,-4.023,-1.69967,-0.161546
183,2.2884,-3.46859,0.0195224,0.721224
184,2.24939,-1.02075,-0.880733,1.19591
185,4.60895,-1.81177,-1.25234,1.27076
186,2.50996,0.142939,-0.384397,1.4865
187,2.75733,1.31282,-1.08521,0.509224
188,2.23414,0.468952,-1.30432,-0.340363
189,1.52986,0.202991,-0.66901,-0.106989
190,1.34737,0.136246,-0.804594,0.642311
191,3.83055,0.0904655,-1.1956,0.575087
192,6.07914,0.197578,-1.26282,0.0615679
193,6.77087,0.767982,-2.3069,-0.428245
194,7.12013,0.752588,-0.452721,-0.471752
195,7.99261,1.12555,-0.44178,-0.759963
196,8.28832,1.12014,0.153652,1.00587
197,7.77492,0.675731,1.88652,3.07338
198,7.84548,-1.3471,0.293193,4.69549
199,9.07837,-2.85191,-1.69779,4.93902
200,13.6721,-3.91899,-2.52639,1.85084
201,13.2107,-5.46348,-1.70454,0.799496
202,12.1754,-4.59502,-2.63737,0.973281
203,10.7575,-4.09551,-3.53457,1.72294
204,11.5111,-2.72507,-3.24725,0.332755
205,12.8206,-2.14711,-3.13128,-0.667728
206,11.3909,-2.59487,-2.14324,1.00199
207,9.68642,-1.6407,-1.93974,0.877322
208,7.0143,0.187108,-1.2569,-1.69055
209,6.28491,2.11516,-0.954065,-3.43012
210,4.83585,2.41872,-2.71458,-3.93629
211,5.01329,2.16564,-2.98181,-1.9075
212,5.27732,2.21333,-2.03785,-1.39084
213,8.3502,1.94859,-1.72273,-1.24528
214,12.4782,1.45685,-0.856359,-1.13057
215,13.4555,2.78861,-1.51134,-1.7373
216,11.2573,3.55185,-2.65671,-3.38609
217,12.913,3.27924,-3.44896,-3.70697
218,11.9024,3.8478,-2.51317,-3.5996
219,10.7421,2.40647,-3.47265,-4.86863
220,9.75882,2.16181,-4.29239,-4.44921
221,9.25852,0.826496,-2.78895,-1.85431
222,9.03323,0.338341,-1.77223,0.709685
223,12.6039,2.21079,-1.46368,-0.789478
224,12.8569,-0.794342,-1.38311,-0.11283
225,13.0691,-2.19289,-1.47816,0.93612
226,15.014,-0.648122,-1.97332,0.297493
227,11.8544,-1.14298,0.219048,-1.40816
228,7.47955,-1.08124,0.534427,0.0302123
229,8.37937,0.223875,-0.293798,1.48151
230,5.9611,-0.428856,1.07186,2.26834
231,9.19385,-0.328396,1.63781,1.65082
232,8.86158,-2.18817,0.616217,2.01368
233,8.10626,0.115925,1.30265,0.627602
234,7.79158,-0.633249,1.80727,-0.868149
235,11.0588,-0.845805,-0.351653,-1.71917
236,9.07463,0.620168,-1.21961,-1.58562
237,8.8766,2.50633,-2.56282,0.823172
238,7.6867,3.39604,-2.1485,-0.401715
239,7.78719,5.33468,-0.940214,0.0293706
240,11.0803,5.70652,-2.00501,-0.278902
241,12.0496,5.11086,-0.450091,0.103022
242,11.416,3.73698,-0.0527075,-0.508915
243,13.3934,2.66177,-0.562351,-2.16741
244,8.96812,1.40234,1.93328,-1.21155
245,5.42032,-0.154812,0.425445,-2.25836
246,1.72113,0.43169,-1.12612,-1.83118
247,2.02409,-0.25831,-1.63935,-2.24022
248,2.10584,-0.220168,-2.48382,-1.99457
249,-3.49226,-2.10898,-3.35065,-2.24753
250,-4.5967,-0.929028,-3.38734,-1.40014
251,-6.83729,0.819308,-4.63355,-1.72768
252,-10.4788,0.604445,-5.52229,-0.0390929
253,-11.3449,0.803211,-6.59515,1.83413
254,-13.0036,0.793023,-6.02487,0.885397
255,-16.9143,-0.0224251,-4.22003,1.03266
256,-16.2376,-0.822847,-0.90259,1.18421
257,-20.9385,-1.46224,0.0607784,-0.137528
258,-25.0497,-0.78745,-0.651042,0.664531
259,-28.0672,-1.46621,-2.50947,0.526972
260,-31.8645,-3.67613,-3.70454,2.2542
261,-30.9328,-5.47686,-4.67528,0.76051
262,-32.4575,-3.94763,-3.65194,1.98927
263,-33.894,-3.87414,-3.54187,3.03344
264,-34.4424,-2.86497,-2.44606,5.15992
265,-31.7038,-2.54817,-1.82226,5.11734
266,-27.6315,-2.51599,-2.2218,4.71248
267,-21.796,-1.85866,-1.50522,4.32514
268,-20.2971,1.00472,-2.13491,2.72868
269,-17.2508,1.93951,-1.20918,2.81305
270,-14.0921,2.12902,-1.65863,2.0954
271,-7.74486,-1.55847,-2.57697,3.3487
272,-2.31167,1.57317,-3.64213,3.14401
273,0.33846,0.992859,-2.29156,4.52245
274,0.894806,1.84543,-2.2779,3.28486
275,0.63456,4.17223,-3.4005,1.96821
276,-1.38804,2.78809,-2.57015,0.426065
277,-3.12217,2.48854,-1.55404,1.70266
278,-0.597083,1.4967,-1.55983,1.45208
279,0.795071,0.480016,-0.681448,1.06374
280,1.35598,-1.36579,-0.599062,2.3223
281,3.49218,-1.00531,-0.241802,3.60204
282,3.84618,-0.516626,-1.36036,2.74309
283,7.13566,-0.717363,-3.74509,4.2697
284,5.32843,-2.92385,-4.54647,3.05122
285,6.72481,-3.86661,-3.23131,2.79141
286,7.25404,-2.78986,-3.48627,3.38478
287,10.9919,-1.49016,-2.72619,3.10717
288,11.9174,-0.654433,-4.41825,2.00186
289,3.80077,-0.146668,-2.4985,0.887368
290,0.824895,0.658909,-2.27602,0.896963
291,2.28943,-1.17834,0.0249099,-1.85173
292,3.71554,-0.552678,1.13944,-1.54778
293,3.94474,-1.10167,0.847711,0.558043
294,5.82344,-1.03675,1.61881,-0.695843
295,1.59737,-1.41028,-1.66579,-0.231027
296,-0.816373,-3.38597,-0.809824,0.635705
297,-6.21998,-3.36444,-1.57768,-0.543776
298,-6.9248,-0.231539,-2.98729,0.283427
299,-10.3984,3.23495,-3.31091,1.27719
300,-9.52314,4.17609,-2.19711,1.52113
301,-7.6371,2.7738,-2.40419,0.586279
302,-6.89293,2.8178,-0.937644,-0.539505
303,-7.96311,1.6311,-1.06881,1.20626
304,-7.84339,3.53069,-0.804991,0.565063
305,-5.93719,4.81775,-0.0574279,0.88028
306,-4.13734,4.98031,0.753376,2.27403
307,-2.37045,2.02878,-0.363133,1.21297
308,-1.09572,0.570209,-1.02224,0.600296
309,0.39068,-1.11483,0.0936562,1.3154
310,3.4397,-1.58753,-0.45315,0.402752
311,3.58776,-1.01529,-1.73958,0.707528
312,4.73429,-0.84777,-0.128316,0.659027
313,4.83614,-0.33915,0.12708,0.0719861
314,1.8997,1.20787,0.185231,1.83755
315,-0.186581,2.76596,1.22016,4.19281
316,2.29503,5.01789,3.76452,4.59548
317,7.77643,5.03098,2.55694,3.21189
318,7.37262,8.97216,-0.524343,2.90794
319,5.7495,7.9624,-2.06226,2.4173
320,2.55817,4.95674,-2.59733,1.54681
321,6.90936,0.600568,-2.4663,1.6744
322,6.52772,1.71927,-4.97849,-0.308639
323,6.20758,1.76258,-3.73903,0.171275
324,4.23142,3.59852,-2.93787,1.61675
325,1.96208,5.41869,-1.67872,0.598587
326,-2.12446,3.81421,-1.82361,-0.119237
327,-1.97023,1.52049,-0.443042,-1.45002
328,-1.99755,0.0841006,-1.62993,-0.865971
329,-2.39312,1.18744,-1.21098,-0.667976
330,-1.76022,0.859578,0.418041,0.447006
331,-2.53381,4.18815,-1.15953,-1.11301
332,-1.08325,3.19204,-4.4014,-0.601719
333,0.482725,2.06754,-4.34809,0.151303
334,-1.56048,2.25579,-4.47164,-0.690678
335,0.28408,3.19645,-3.3343,-0.243631
336,-0.0984997,4.73222,-1.87288,-0.449636
337,-0.733643,4.68363,-3.24364,-1.80571
338,-3.00667,1.40485,-4.39587,-0.710631
339,-5.50669,-1.56504,-5.02001,-1.7795
340,-7.157,1.16016,-4.57792,-3.08148
341,-4.15019,0.915792,-4.58648,-1.13914
342,-3.96609,0.765197,-3.00457,-0.809096
343,-6.45915,0.767135,-3.35411,-0.403336
344,-6.66456,1.50395,-2.60824,-1.08689
345,-8.74373,-1.55897,-0.538541,-2.07714
346,-9.84213,-0.779025,-0.106467,-1.54729
347,-11.1312,-1.61732,-1.59569,-1.00766
348,-10.1536,0.159663,0.325359,1.14224
349,-5.79871,3.13605,0.949404,1.31131
350,-6.75426,2.94404,2.96819,1.05769
351,-7.28945,5.76694,3.85297,0.0816132
352,-6.44055,8.54685,3.06671,0.626234
353,-5.79179,8.69836,4.20213,0.272743
354,-5.01395,9.73416,2.89854,1.08406
355,-7.69318,8.68284,3.13435,-0.262899
356,-11.3978,6.95975,1.71575,-0.542115
357,-13.838,6.7594,1.6608,0.946077
358,-13.6259,7.13607,1.10752,0.47387
359,-11.8691,7.18814,0.379496,1.33324
360,-5.72931,8.37796,0.161693,1.26123
361,-0.596633,9.38331,-1.40976,1.23295
362,-2.05424,9.27695,0.0358449,1.83815
363,0.389906,8.49835,1.96321,3.23337
364,3.40646,5.84499,0.623213,4.20149
365,9.22593,4.11952,-2.11759,4.10588
366,8.89133,2.85218,-0.41136,5.55263
367,9.31447,1.33481,-2.19003,4.26346
368,7.5914,0.323891,-1.54968,3.87501
369,11.2215,-1.45032,0.0657209,2.10359
370,10.4512,-1.40574,-2.14276,0.887654
371,13.7028,-1.09209,-2.82355,0.334084
372,12.3346,-0.116665,-1.35615,-0.248711
373,11.564,0.49932,-0.138181,-1.07992
374,8.80117,0.232753,0.25249,-0.626387
375,9.02469,-1.3956,-0.242962,-1.66154
376,5.65288,-2.74452,1.82936,0.484161
377,5.21519,-4.23984,1.34781,0.847838
378,3.51251,-2.33349,1.72107,1.37323
379,5.42919,-1.1502,1.18921,-0.30932
380,1.62512,-0.436703,-0.0891354,0.882013
381,0.0958123,1.09937,-2.13692,3.18974
382,-2.70499,1.00057,-3.64929,1.68542
383,-4.32524,1.72744,-3.36372,-0.854166
384,-6.88896,2.32408,1.11902,1.26188
385,-9.15939,1.84371,3.07815,1.58379
386,-10.8167,3.59004,2.58733,3.36148
387,-8.09352,1.93823,0.739031,0.684505
388,-11.2845,-1.93502,-1.10438,0.962782
389,-13.26,-0.303562,-1.81652,1.3256
390,-12.9838,0.227232,-1.45754,1.05516
391,-14.8516,-0.391681,-2.94015,0.642492
392,-21.5951,-0.710854,-4.10252,-1.01578
393,-25.6791,-0.167527,-2.74917,-0.443296
394,-27.0804,0.135189,-0.998805,0.286681
395,-26.5958,-1.27245,-0.382122,0.904033
396,-26.7063,0.149999,0.142635,1.47871
397,-22.1619,1.05649,-0.690753,1.47704
398,-18.8787,0.741094,1.048,4.24659
399,-14.4796,-0.56826,1.45575,4.63529
400,-12.5052,1.88397,0.984635,4.96069
401,-5.55688,3.49694,-0.217066,3.41228
402,-1.15669,4.00359,-3.17778,3.9139
403,6.0754,6.52715,-5.35988,1.9268
404,6.69584,2.77,-4.10981,2.87123
405,11.156,1.11542,-3.6888,1.23137
406,11.5478,-0.842738,-3.84695,2.4018
407,11.5199,-0.199783,-5.20253,1.18757
408,15.199,0.039955,-6.75835,-0.821224
409,11.0328,-1.24087,-3.64806,0.711472
410,10.0211,0.406329,-2.53249,0.952344
411,8.03402,-0.831681,-1.11947,1.36664
412,7.10322,-2.49506,-0.788469,0.0915678
413,8.89209,-2.36367,-0.321881,1.14675
414,9.96567,-0.182892,0.229774,2.13554
415,11.7213,0.31606,-1.06786,0.143912
416,11.3211,-0.685465,-0.935719,0.680131
417,12.5658,1.20259,-1.02006,0.592103
418,11.657,2.90552,0.614898,0.282199
419,4.39623,1.08165,0.735322,0.850401
420,0.51534,1.7151,-0.344301,0.431474
421,-3.02345,0.892017,-1.68478,-1.45798
422,-3.21876,0.508206,-2.33962,-1.82938
423,-8.71416,-0.307312,-3.72679,-1.27603
424,-10.0773,1.13951,-2.63169,-1.42608
425,-8.7495,1.49208,-2.68657,-2.89125
426,-7.23934,1.06476,-2.68252,-1.81781
427,-6.07802,2.03423,-1.50689,-0.560382
428,-2.14445,4.79465,-1.75886,-0.977956
429,-2.33838,2.67424,-1.05011,0.506062
430,-2.51027,1.32749,-1.1052,-0.123366
431,-2.49102,2.12676,-1.85549,-0.364977
432,-2.00051,1.95219,-0.0506302,3.45002
433,0.51153,-0.065485,1.13678,3.25618
434,3.26584,-1.87217,2.77396,2.64487
435,7.24764,-2.06466,4.15246,2.19323
436,6.8436,-0.743655,3.92019,2.8381
437,9.71282,0.724276,4.79292,0.128872
438,13.3051,-0.265901,4.85124,0.291029
439,14.2189,-0.168115,1.69111,1.89416
440,17.837,-0.265891,-0.465,1.92118
441,23.531,-0.926454,-1.39174,0.579609
442,21.4973,-1.993,-1.58275,0.388871
443,19.1711,-0.969126,0.02024,-0.462034
444,17.9882,1.17225,-1.77956,-1.02606
445,18.8072,1.91392,-3.64593,-0.69723
446,15.6959,0.377843,-2.47466,-0.434034
447,16.3129,-0.799741,-0.920752,-1.63489
448,17.5055,-0.799909,0.709723,-2.04953
449,17.2287,-1.14175,0.704913,-1.81802
450,14.3489,-0.920937,-0.944631,-1.56951
451,14.8598,-3.70976,-2.21106,-0.2465
452,15.9416,-6.28341,-1.08251,0.287445
453,15.5192,-8.23449,-2.13313,0.219677
454,14.6876,-7.67295,-2.66615,0.00530112
455,12.4395,-7.11993,-2.71276,0.798738
456,14.3839,-7.14426,-2.40951,0.0193167
457,13.7826,-7.83883,-0.852416,1.86974
458,13.592,-8.39149,0.203296,2.6118
459,11.5178,-8.14056,0.400465,0.958489
460,10.9961,-7.01511,1.89777,1.35918
461,8.30008,-7.24047,1.20641,1.82181
462,5.37316,-4.42578,0.932234,0.754602
463,8.26581,-3.65452,-1.17505,0.0371191
464,6.46201,-4.00702,-0.642949,2.1522
465,7.54235,-1.2475,1.30329,1.51966
466,5.45682,0.988242,2.64314,2.37488
467,5.30486,1.92611,1.90811,2.40324
468,3.17267,1.86804,-0.384038,0.710059
469,3.67013,1.57546,0.124045,0.245673
470,2.00829,0.501763,1.12847,0.192305
471,1.94441,-1.21359,1.90555,0.489837
472,1.26763,-2.10228,1.09956,0.998971
473,1.46598,-2.38217,0.834709,2.06106
474,0.974441,-1.16442,-0.0387296,1.89977
475,-3.09372,-1.42269,-1.23539,3.04658
476,-6.3299,-2.21165,-0.345931,1.40609
477,-6.88987,-2.33849,-0.693471,0.982041
478,-10.2643,-2.68924,-2.22562,0.918523
479,-7.18427,-2.61583,-1.94609,0.184798
480,-6.10468,-1.16843,-2.848,0.282326
481,-4.87646,-0.0900864,-2.05876,0.672225
482,-5.49299,-0.474442,-2.67275,0.699959
483,-6.73628,1.87458,-2.32576,1.52534
484,-6.09942,0.970829,-4.08327,0.843659
485,-6.6327,0.295151,-3.66498,0.437855
486,-11.2672,-0.980117,-2.12771,1.26679
487,-16.983,-2.07544,-0.97938,1.35282
488,-17.0117,-1.43955,-1.4004,3.07058
489,-17.9415,-1.29963,0.376409,3.95485
490,-21.7372,-1.66942,1.51631,3.97578
491,-23.9576,-1.69297,1.40309,1.97841
492,-22.827,-1.11647,1.52038,3.92734
493,-19.0909,-3.13624,0.548636,3.93968
494,-14.5388,-1.77265,-0.434511,5.16576
495,-9.66045,-2.30302,-2.46948,5.81659
496,-7.03435,-2.85725,-2.92001,5.8573
497,-6.24341,0.652848,-2.31158,5.13906
498,-5.77145,1.30566,-3.09031,3.65388
499,-3.59038,1.93242,-5.28086,3.3449
500,-3.4301,0.54087,-3.88603,4.29172
501,-0.889891,-0.684053,-5.56604,5.59671
502,3.36474,-0.9835,-4.02419,3.50167
503,2.17844,2.45297,-3.17921,2.7462
504,3.00854,2.09768,-2.63085,2.84897
505,5.29471,0.765129,-3.2001,2.40541
506,5.65252,1.33276,-1.78493,2.82165
507,3.8325,-0.133235,0.320873,1.43086
508,3.84583,-0.834944,1.10813,1.57204
509,1.72866,1.0651,0.61243,1.53407
510,4.40935,-0.482818,2.05429,1.33427
511,6.37717,-1.43459,4.21882,2.70849
512,5.85558,-0.55808,3.85553,2.09468
513,6.33399,-0.281553,2.92583,3.72315
514,8.59546,-0.524279,3.39273,5.1202
515,8.85017,-2.28501,0.767154,3.28774
516,8.00926,-2.12054,0.443025,2.41126
517,7.50325,-3.51301,1.2587,2.03073
518,3.94476,-2.6379,-0.113021,1.74595
519,1.61093,-4.09985,0.306787,0.235142
520,-3.62091,-3.67948,0.297716,1.82402
521,-4.91909,-4.00485,0.467123,1.45871
522,-8.04701,-2.71971,0.251715,0.63798
523,-13.3776,-3.14104,-0.250529,-0.132778
524,-14.6327,-2.54671,-0.680096,0.214748
525,-17.6489,-1.16008,-0.561007,1.10894
526,-20.4015,0.1972,-0.229228,3.11994
527,-21.5792,-0.523699,0.963871,3.74204
528,-18.6729,-2.3003,1.85831,3.78476
529,-17.8017,-1.25348,0.501763,2.2486
530,-14.0171,-1.6629,1.11487,2.26918
531,-14.5756,0.0676148,-0.298447,3.44369
532,-13.7029,-0.413114,0.0306297,3.08817
533,-12.6675,0.430889,-1.83769,3.30342
534,-11.8508,1.34888,-2.92753,3.62931
535,-10.5157,3.31899,-2.47803,3.87181
536,-10.2856,5.06315,-2.33238,2.93388
537,-9.91557,3.72026,-2.32031,3.38762
538,-7.39747,4.17928,-1.31826,3.59505
539,-9.41362,5.83418,-0.547307,3.4464
540,-7.24835,6.93348,0.702253,3.45831
541,-4.76269,5.44876,-0.81292,2.97608
542,-2.5683,4.43154,-2.26817,3.63363
543,-2.60821,3.40973,-0.838508,4.28368
544,0.524543,2.61094,-0.657211,3.08413
545,1.28386,4.33359,0.789027,3.25077
546,2.7039,3.86802,1.17674,4.1033
547,0.985528,4.29474,-0.204443,3.39057
548,1.57053,4.57515,0.0747575,1.60092
549,0.0197905,0.938335,-2.63587,1.20065
550,0.46871,-1.36151,-3.14809,-0.0963434
551,0.00529772,-2.00914,-2.48339,-0.215419
552,-2.27623,-2.44007,-1.78072,1.04451
553,-4.17845,-0.999587,-0.714642,0.696299
554,-4.9715,-1.24893,1.04721,0.459044
555,-8.24693,-0.619843,-0.049121,0.439674
556,-10.56,-1.36215,1.72005,0.376934
557,-12.3501,-3.92493,3.12143,0.0443496
558,-18.3792,-0.957093,3.33932,-0.49662
559,-19.5822,0.120953,2.77991,-1.51935
560,-21.153,0.343737,2.98081,-0.989737
561,-21.7846,1.3536,4.15284,-0.275783
562,-22.2396,1.56034,4.92866,-0.816705
563,-20.3616,3.29992,5.127,0.867246
564,-16.4233,5.61903,4.46375,1.58028
565,-11.6852,6.51091,4.87615,0.91797
566,-9.10859,7.2207,4.78524,1.02862
567,-4.83602,8.54979,3.90376,1.44401
568,-2.17905,7.5269,1.61849,0.698249
569,0.48246,7.94783,1.25944,-0.101099
570,3.67074,5.13161,0.563901,0.67963
571,6.16414,4.96998,0.341211,-1.15221
572,7.6524,2.86445,-0.247902,-1.74669
573,7.75808,2.69837,0.119162,-2.17646
574,10.1825,1.40028,-0.666135,-1.26794
575,12.8561,-0.257153,-1.07299,0.0807833
576,10.5434,-2.04975,-1.94529,-0.798989
577,9.51569,-3.69907,-0.654405,-1.51121
578,6.14721,-1.06914,0.240325,-1.80299
579,3.23088,-1.16947,1.27397,-2.75058
580,1.97178,-3.50782,3.98742,-2.43129
581,-0.102098,-3.49801,4.71302,-3.00126
582,-2.98758,-5.99838,3.51096,-3.6719
583,-5.08375,-5.51718,1.61731,-3.86103
584,-5.15809,-2.77803,-1.03995,-3.23567
585,-8.15152,-0.765308,-0.257477,-1.69557
586,-10.5951,1.3051,-0.769759,-0.378947
587,-13.4881,1.95352,1.99031,0.616868
588,-12.6769,2.36151,4.33414,0.101506
589,-12.6047,3.70896,5.54056,-1.32719
590,-11.974,2.22452,6.16146,-2.05112
591,-11.4155,-1.55307,4.37014,-0.656968
592,-15.9079,-3.44535,3.67948,-0.665247
593,-16.2391,-2.66711,3.1736,-1.79955
594,-15.8898,-1.20207,4.05274,-2.23798
595,-17.5637,-0.606364,2.58282,-1.81748
596,-19.6438,1.0819,3.96108,-1.02069
597,-19.2999,2.21514,3.16252,0.723604
598,-19.1679,1.73314,2.34129,0.476189
599,-17.6939,2.39957,4.58708,1.51166
600,-17.1982,2.23051,2.19021,2.57118
601,-12.0407,0.969703,3.78821,3.79216
602,-9.27859,3.49763,3.9215,2.58075
603,-7.37347,2.48804,5.73388,2.21937
604,-1.72771,3.17305,6.70028,1.18025
605,-1.71525,4.9981,6.74169,3.04165
606,0.612665,7.5334,6.31844,4.02111
607,6.16377,9.42056,4.43045,3.03619
608,3.46652,6.98713,0.947154,2.05136
609,7.24102,4.37333,-0.0568108,-0.184606
610,6.67706,3.64665,1.36937,2.39146
611,4.14819,3.63566,2.12248,1.38878
612,3.3477,2.65758,0.973282,-0.366422
613,3.1894,2.79371,-0.462569,-2.34213
614,2.14209,2.467,0.18253,-1.57428
615,0.601097,2.46152,2.26989,0.108131
616,-0.744472,3.58195,4.08326,-0.555531
617,-1.78761,4.04897,5.15311,-0.0179594
618,-3.2172,4.89813,4.4104,-0.530053
619,-0.154143,3.09419,5.39723,-0.206613
620,-1.04861,3.0602,5.14218,-0.221145
621,-0.135235,3.33893,2.87144,0.0562222
622,2.88736,2.83727,0.705998,-0.118531
623,0.100571,3.03565,0.583751,-0.413808
624,-0.220102,5.59013,-0.0766067,-1.55174
625,0.114207,5.12448,1.90572,-1.05767
626,5.98821,-1.02911,2.1749,-0.781513
627,8.57307,2.8401,2.98904,0.715981
628,8.97283,2.97001,5.45775,0.0236598
629,9.08281,-0.160142,6.01765,0.694399
630,10.6373,0.0571118,5.16495,0.961605
631,8.14283,2.32547,4.69988,-0.489423
632,8.03531,2.90106,2.48918,0.131169
633,10.4541,0.968973,1.83527,-0.950009
634,14.1969,-0.377859,2.30146,-0.0202132
635,13.6393,2.06672,2.30895,1.05891
636,11.0619,2.83111,1.68438,1.80471
637,11.0395,2.00027,3.68793,0.894976
638,9.91008,-1.32098,3.76082,0.518902
639,9.43715,-1.50738,6.77869,-1.15576
640,8.67309,-0.83394,8.70856,0.451854
641,11.8492,0.182619,8.0848,-1.43008
642,10.6757,2.32524,6.28275,-0.737476
643,10.8526,1.27538,7.26158,-2.28631
644,12.0324,-0.555601,3.25675,-1.70938
645,16.0681,-0.89262,1.80436,-0.873214
646,18.2808,0.458824,1.51637,-1.72022
647,16.4105,-0.265741,2.75394,-2.91795
648,15.2256,-0.419118,2.61434,-2.64404
649,17.1114,-3.23701,1.43273,-2.0142
650,16.6038,-2.1563,3.71397,-1.55982
651,19.1059,-1.81665,5.39355,-0.149961
652,17.3902,-2.53841,5.62289,-0.337128
653,14.7919,-4.24419,6.51876,-0.657684
654,15.1208,-3.83213,6.25222,0.2393
655,16.6438,-0.482757,3.55453,-1.14337
656,12.6453,-2.0759,1.92747,-2.01615
657,13.1433,-1.41496,4.31627,-2.50183
658,13.8486,-3.16692,3.04676,-2.03715
659,12.5102,-2.28062,3.52152,-2.38962
660,9.63437,0.0957384,1.49991,-1.92483
661,11.5426,1.97015,1.1482,-3.71886
662,10.3779,2.90789,3.00756,-2.58291
663,11.6108,0.655477,5.25608,-1.20178
664,8.41369,-2.6506,6.37549,-2.35709
665,5.13199,-5.62137,5.27078,-1.41432
666,1.60004,-6.24396,5.96099,-1.85986
667,-0.43375,-7.84087,4.73003,-3.71326
668,-4.40001,-4.93746,3.00868,-4.37968
669,-7.78733,-4.08916,4.26325,-2.50055
670,-12.0574,-3.8299,5.24777,-0.0190266
671,-14.8951,-6.89899,3.59152,1.90194
672,-14.6031,-5.63323,5.20666,1.80911
673,-11.2193,-2.14707,4.72075,0.00370839
674,-9.15244,-0.155369,4.06209,0.76477
675,-10.4032,2.35949,2.93609,0.899653
676,-6.83822,3.31435,4.26972,1.18519
677,-3.9353,4.91047,2.89175,1.59111
678,-0.492446,5.96276,1.03335,0.911035
679,2.76025,5.37038,0.209263,-1.29419
680,-0.32058,3.60922,-2.02354,-1.45855
681,-1.20879,4.79318,-1.49769,-1.3445
682,0.788446,5.34879,1.91956,0.235197
683,1.35726,3.7745,1.24395,0.876364
684,-0.95948,-1.01149,1.91964,0.159847
685,-1.65878,-1.14625,4.21109,1.95592
686,3.81627,-0.820001,5.73786,2.74047
687,7.74017,-0.354441,7.29797,1.30534
688,5.62881,0.81364,8.23274,0.862037
689,2.23122,-2.05572,5.89301,0.862519
690,0.557453,-1.78551,4.82316,-0.0479763
691,-2.16061,-0.79294,3.86096,-1.59475
692,-3.53073,-1.04621,3.18156,-2.30014
693,-5.3526,-2.11462,2.75214,-2.07323
694,-8.22652,-0.515947,3.25193,-2.39506
695,-12.2319,-1.41987,3.60498,-0.459476
696,-10.7776,-0.544476,3.81009,0.779155
697,-7.70567,3.59158,2.62547,0.624873
698,-6.77889,2.3725,3.35306,0.156017
699,-9.89771,3.10241,4.02527,1.23478
700,-9.30146,4.6281,5.61964,1.75472
701,-6.05928,6.46746,6.61701,1.52433
702,-8.0297,3.34734,5.01978,1.70801
703,-12.7346,2.32762,2.87989,0.484365
704,-13.1191,1.9162,2.16056,-1.12647
705,-15.1031,0.988243,1.39142,-0.944326
706,-16.6678,-0.21707,1.29269,0.0767176
707,-17.6186,1.17509,0.228196,-1.0528
708,-18.2359,0.443937,1.09965,-0.982273
709,-17.2604,-0.648748,1.69664,-2.26153
710,-16.6457,-1.53074,1.98621,-2.03236
711,-16.2485,-3.44022,1.65522,0.235998
712,-15.3844,-2.92678,3.33837,-0.196359
713,-14.4109,-1.60809,2.22827,-0.376303
714,-11.0033,0.00185414,3.74639,-0.694757
715,-5.79775,1.35515,3.14045,-1.32244
716,-3.04842,1.41342,2.06905,0.0629046
717,0.703951,1.16194,2.61188,-2.03707
718,3.12518,1.39365,2.79573,-1.08763
719,6.9446,1.82502,1.57828,-0.962958
720,9.0547,3.76947,1.98817,-1.382
721,8.18749,4.72578,1.86044,-0.523201
722,7.55488,4.52052,0.586868,0.312054
723,7.54579,4.50179,1.56228,0.811286
724,9.97261,5.12299,2.86394,-0.379811
725,12.3137,4.95665,5.94756,-1.20724
726,13.7882,4.29595,5.10567,-1.05809
727,19.2612,5.36661,5.06773,-0.892088
728,19.1905,1.67601,3.45168,-2.03259
729,19.3491,0.259843,4.2121,-2.74471
730,20.7638,-0.416126,3.73731,-0.909019
731,20.4404,-1.23929,0.277559,-0.38819
732,19.4086,-0.967098,-1.28276,-2.38547
733,18.363,-1.09202,1.5166,-1.64559
734,20.3689,-1.0146,3.69022,-2.34853
735,12.6147,-5.47179,3.65222,-1.11051
736,9.42182,-6.25973,4.6927,-2.0958
737,4.11576,-6.33516,4.35216,-2.54269
738,4.68736,-7.06886,4.06304,-2.63756
739,8.29134,-8.03381,4.46461,-1.8172
740,10.7979,-6.35917,3.93671,-2.15919
741,14.6963,-4.99854,4.83907,-0.673538
742,16.304,-2.58718,4.54182,0.581087
743,17.5194,-2.74507,3.60882,0.165711
744,16.5385,-1.91688,2.06183,1.1405
745,13.5299,-3.03443,2.35675,0.324115
746,7.88754,-4.76207,2.21233,-0.108956
747,5.41885,-6.54146,2.27587,-2.36494
748,-0.114813,-8.35765,1.4385,-4.22169
749,-4.6145,-8.42256,0.585099,-5.29929
750,-8.68111,-8.50074,-0.576377,-6.27856
751,-8.77896,-8.2151,-0.191708,-8.21246
752,-11.9471,-7.18914,1.95642,-5.87134
753,-18.0798,-8.03256,2.59458,-3.58393
754,-18.9114,-8.22213,3.70107,-2.40367
755,-18.3429,-6.58368,5.66338,-1.04486
756,-17.871,-4.82619,6.66014,0.316507
757,-17.4063,-3.32932,5.80164,0.326143
758,-14.6132,-1.30009,5.29579,-0.797188
759,-13.1794,-1.24949,2.26999,-0.746927
760,-12.2818,-1.726,-0.543101,1.0909
761,-9.068,-0.639499,0.539577,-0.715916
762,-6.86964,2.34763,2.11768,-0.268159
763,-6.33414,-0.84413,1.63897,-2.84355
764,-6.60853,-0.200046,2.75402,-3.06682
765,-3.75479,-1.91769,2.95625,-3.58099
766,-3.99471,-1.76205,5.47214,-1.12449
767,-8.35628,-2.95814,5.17414,1.11742
768,-10.553,-4.67991,3.41688,0.56652
769,-10.5015,-4.05586,4.10356,0.498725
770,-8.58419,-3.23925,4.00634,2.33631
771,-7.39396,-2.01022,4.2649,0.270872
772,-6.83522,-3.0998,3.16544,0.197872
773,-5.73298,2.43333,5.18684,-3.08411
774,-1.80714,4.50909,8.15353,-3.57721
775,-2.76905,3.99622,5.56133,-0.302645
776,-2.32791,2.21124,2.54861,-0.959988
777,-0.129594,5.46793,1.29632,-2.80348
778,2.64101,-1.07873,2.60744,0.469785
779,5.45085,-6.03611,2.53448,0.470271
780,5.83661,-3.62867,2.5419,-0.144258
781,11.9483,-5.62563,1.32847,0.797634
782,21.698,-6.63282,-1.56361,-4.42484
783,11.0243,-2.11136,2.73113,-2.85936
784,9.00179,-5.41521,5.12062,0.51332
785,6.61904,-2.89527,6.27107,1.68384
786,3.89905,0.0127808,5.12017,0.892632
787,4.4793,2.10827,6.22448,-0.745763
788,3.32966,0.604686,4.64212,-1.35555
789,2.54806,0.668417,3.42179,-0.00534079
790,5.17642,-0.947351,2.20845,-0.361456
791,4.54248,3.27254,1.54373,-3.57075
792,6.07528,2.00636,3.28366,-1.50005
793,-1.41486,0.641756,1.4721,-1.25066
794,-0.745871,0.0850883,3.08902,-2.67163
795,1.63828,-0.412591,3.78731,-1.20394
796,-0.254863,2.62854,5.20194,-1.2019
797,5.4163,1.71397,7.40766,-1.17642
798,9.84956,2.57326,5.30294,-3.0405
799,14.6959,6.17566,1.44828,-0.308539
800,9.83298,10.246,2.91243,-0.711008
801,9.33892,5.08829,1.76826,-1.39197
802,8.75899,5.49849,3.42644,-0.370423
803,8.62214,4.30089,2.56941,-2.26985
804,7.07836,1.81178,-0.529737,-2.00363
805,6.63999,-1.77513,1.09783,-1.36426
806,3.13469,0.659782,2.04495,-4.00963
807,-1.28222,-0.486422,1.26235,-2.63033
808,-3.43437,-1.38931,1.78137,-2.46878
809,-3.79062,-5.42103,3.48595,-2.53894
810,-0.948329,-6.85747,5.93065,-2.17089
811,-4.80042,-2.15738,9.75518,-0.121073
812,-6.52868,-0.506333,6.71773,-1.07471
813,-6.3133,1.89645,5.37538,-0.531401
814,-9.75885,1.73749,3.46791,-2.25421
815,-10.0243,0.957876,3.16801,-1.88112
816,-5.34985,2.39326,5.89914,-2.76157
817,-4.42087,1.49567,7.81478,-1.86463
818,-2.43107,-0.933118,7.4011,-1.37428
819,1.64462,0.636511,7.06008,3.0167
820,7.42767,2.16211,4.79165,3.16786
821,9.17654,4.56411,6.60686,1.24016
822,10.5649,3.85136,6.38117,0.943986
823,12.0026,2.95265,5.95811,-0.00424457
824,13.4317,-0.0422324,5.53048,-0.498484
825,13.7979,-2.73668,2.23361,-2.21709
826,17.4776,-5.83157,2.41804,-0.904196
827,15.2689,-3.24757,3.12532,-1.2291
828,18.4633,-4.53701,1.73024,-0.369969
829,10.5803,-7.82007,1.03792,2.17139
830,4.71941,-9.7552,2.37325,2.7772
831,0.577234,-10.275,3.30829,2.5899
832,2.25218,-8.98182,3.58134,0.882855
833,-1.03107,-8.74014,1.81988,-0.382244
834,-5.32094,-6.0767,0.867114,-1.78863
835,-8.14417,-4.07161,2.0771,-2.95585
836,-8.6347,-2.83377,0.767618,-2.89948
837,-8.04614,-1.91742,3.06179,-3.18835
838,-13.9737,-3.37264,5.14123,-0.453946
839,-17.1484,-2.31791,2.88133,-1.07954
840,-15.4601,-1.72138,0.538791,-2.438
841,-12.2141,-0.73771,1.13921,0.0278986
842,-13.8719,-2.66808,1.90299,1.29738
843,-11.465,-4.86679,1.35423,1.24235
844,-8.48161,-2.90656,1.41269,2.66637
845,-6.19314,2.28091,1.91024,0.899534
846,-6.96673,4.10282,1.79403,-1.15004
847,-5.34345,5.56784,0.442379,0.61622
848,0.177749,3.87487,1.07791,1.97616
849,0.956598,1.10216,0.00990809,2.80885
850,0.474858,0.415284,1.1446,4.48661
851,-0.594135,1.33781,-1.52725,3.56735
852,0.73737,0.0594966,-1.26796,3.29966
853,-3.41955,-2.67665,0.614988,2.47103
854,2.03038,-2.20465,1.00976,3.09348
855,3.81867,-0.489644,0.774866,-0.327586
856,2.96882,-4.36621,2.11344,1.01862
857,0.964499,0.983792,1.85842,0.857301
858,4.90777,3.24866,0.301389,-0.244694
859,0.963516,4.28001,-0.470361,0.562926
860,-0.876041,1.22926,1.84802,1.54534
861,-2.73818,2.04626,0.762391,0.367129
862,-2.43353,0.978401,0.902954,-0.159125
863,-1.15241,4.77648,-0.751069,-2.49811
864,-0.894076,5.00396,0.66654,-1.37154
865,0.38599,2.36346,1.53235,0.308582
866,1.84612,-0.219037,0.486945,0.627018
867,0.215364,0.759439,1.23494,-0.446456
868,-1.22177,-0.790481,3.26868,-0.494426
869,2.93473,2.25381,6.25685,1.38854
870,1.02634,2.9822,5.90955,1.69504
871,1.12484,3.59288,3.41658,-0.520373
872,1.08194,2.69895,3.15461,0.262462
873,3.50015,3.57992,1.83528,0.0830768
874,3.07299,4.28206,2.06532,1.29066
875,5.27718,1.54265,4.87399,1.86671
876,4.55,1.73828,3.36384,1.22511
877,1.80872,-0.352967,2.05453,-0.579088
878,0.753994,0.161212,1.11859,-1.35826
879,-0.503608,-0.970406,1.9002,-1.4977
880,1.13882,-3.85776,3.01749,-2.32928
881,-2.2647,-1.55772,2.25333,-1.24632
882,-2.40189,0.920174,1.6142,-1.63797
883,-3.69229,2.26631,1.6746,-0.237636
884,-4.2413,1.87482,2.01158,-1.17206
885,-3.91384,2.84478,2.46216,-1.59113
886,-5.88864,1.55634,3.84316,-0.826275
887,-6.37095,5.17153,4.726,-2.7319
888,-2.68957,7.29342,5.03265,-0.658513
889,-1.10463,6.83991,3.26256,-1.60361
890,-2.16601,4.36032,3.50329,-2.19954
891,-6.23693,-0.45826,2.94625,-2.11767
892,-2.73345,-1.26796,1.76749,-1.07861
893,-3.98386,-0.491212,3.23906,-0.248941
894,-11.8089,-1.10464,0.76655,-2.4683
895,-11.7211,-3.34594,0.76049,-1.15644
896,-15.7231,-1.029,0.602274,-1.26129
897,-18.3653,-2.32317,-0.386492,0.500254
898,-23.9526,-1.99989,2.30694,0.802
899,-20.4147,-4.60286,2.5588,2.82809
900,-20.6178,-6.20371,4.16534,4.54596
901,-16.5022,-4.73783,5.71272,3.27872
902,-15.002,-2.54082,4.63998,4.81767
903,-13.7717,-2.96479,4.70441,4.98007
904,-8.72172,0.0819978,5.29778,5.4781
905,-5.63513,4.4981,5.00415,4.64548
906,-4.00505,5.69475,2.20391,3.12276
907,-1.18809,7.95007,-1.22129,0.145091
908,2.75701,5.69657,-3.75295,0.45486
909,4.14833,2.0827,-4.52811,1.36187
910,3.79399,3.58021,-1.60857,0.971015
911,3.55705,0.346217,-1.22593,2.92335
912,2.77261,-4.08767,-2.07494,2.80665
913,-0.387024,-4.72264,-2.10718,2.63277
914,-4.87679,-3.4384,-0.3467,1.97886
915,-4.01652,-5.9803,0.378397,0.308353
916,-6.67249,-7.03894,-0.190461,0.541361
917,-6.79446,-4.38498,0.0836889,1.46557
918,-2.53273,-2.19755,1.06403,1.65317
919,-0.437267,1.49989,1.15479,2.27756
920,-0.725215,0.130412,1.16294,3.83823
921,-0.362783,-0.502674,0.579183,2.57149
922,0.121125,-0.557963,1.24006,0.801551
923,3.02584,-0.479688,0.16647,1.25613
924,3.71871,1.15,-2.13018,1.34165
925,2.26238,-3.93688,0.00427604,0.0486106
926,0.931439,-3.59767,-1.82203,-0.407134
927,0.811475,-4.0204,-1.88863,-1.09397
928,6.593,-2.41628,-0.119037,0.770429
929,8.24326,-0.643603,-3.7173,0.979838
930,8.40028,0.865927,-0.923674,-0.352235
931,12.2295,-2.02661,-0.521124,0.748812
932,12.2303,-3.57138,2.62119,1.57728
933,15.6727,-5.88516,0.508138,0.296355
934,17.3474,-3.26062,0.948392,-0.304976
935,14.3546,-4.71717,-1.13614,1.17728
936,10.7407,-6.72187,1.61472,2.45316
937,9.42489,-5.46629,-1.24209,0.435278
938,8.07144,-4.80203,-0.516726,1.92816
939,1.26143,-4.44827,-0.927641,1.21757
940,1.5865,-2.34201,3.78049,3.53402
941,0.65874,-4.25855,2.74801,-0.0200002
942,2.58909,-3.01705,0.926947,-0.0617334
943,0.123125,-1.51601,0.482168,-1.18886
944,0.796576,-2.551,-2.1272,-2.01013
945,2.92283,0.416044,-1.27205,0.22931
946,1.60963,1.97632,0.159079,-0.12222
947,5.1085,5.96717,4.63928,-0.6343
948,8.14978,2.83281,2.8762,0.793012
949,7.16031,5.6921,3.59489,0.781048
950,5.07699,2.04396,-2.48713,-3.11427
951,6.77497,-5.02509,-1.01716,0.531262
952,6.46106,-4.82771,0.715732,-0.297327
953,4.47661,-1.26587,4.24458,0.512851
954,4.88198,-1.2837,0.0754193,0.179842
955,-2.02424,1.73131,0.00523854,-0.0961223
956,-0.533226,1.68104,-1.69485,-2.56909
957,-2.4007,2.55297,1.5905,-1.88564
958,-1.38837,0.511104,-0.138867,-1.75575
959,1.89933,-0.35885,-0.52514,-4.07355
960,-1.69086,3.39078,2.98456,-3.75397
961,-0.792843,-0.868579,2.0308,-0.622671
962,-0.218553,2.11309,-1.46861,-1.60704
963,-1.77431,1.54851,-2.0466,-2.22378
964,-1.98984,3.44284,-1.81699,-2.40019
965,3.53523,3.30493,-0.793931,-0.875859
966,2.29982,5.16629,-1.2236,-0.209689
967,2.5245,4.39959,-1.31993,-0.377189
968,-0.400814,4.19963,-2.21227,-2.33361
969,-3.33451,0.795319,-1.7621,-3.30669
970,-1.18091,0.0495267,0.762339,-2.26869
971,-1.65427,1.5465,1.77046,-2.05076
972,1.10545,-2.10069,-2.14235,-1.15858
973,-2.79759,2.91663,-1.49097,0.578247
974,-5.05011,3.61286,-3.60482,0.585392
975,-4.46064,-1.16723,-1.82358,1.14747
976,3.59743,2.25798,-0.40876,0.934765
977,4.72968,2.07928,0.682163,2.37489
978,1.67892,5.60274,-1.6509,0.804588
979,4.61297,4.3619,-1.39749,1.5761
980,0.35995,4.49552,-1.27893,0.4893
981,2.46653,3.25706,-2.82814,-0.628813
982,2.39997,5.33911,-1.64566,-1.25887
983,4.51878,3.0262,-0.0366834,-0.904531
984,5.09778,2.68276,-2.66588,-0.977338
985,5.69861,2.9658,-3.16576,-2.23758
986,4.27078,4.38474,-3.25835,-4.15659
987,5.2068,1.09044,0.447702,-2.94858
988,6.25733,2.80214,-1.69182,0.9245
989,11.0257,2.0959,1.44007,1.72374
990,17.6513,0.48558,0.0603842,1.56169
991,15.1617,-0.845987,0.979049,0.848029
992,11.5293,-1.09361,0.231414,1.61239
993,8.24648,-3.43013,-4.15653,1.74757
994,11.0037,-3.12307,-1.95852,2.8979
995,10.5794,-1.5107,0.00489764,1.19618
996,11.9643,-4.72538,-1.49284,0.528038
997,11.5562,-4.03618,-2.62759,-0.801597
998,7.16795,-1.6185,-3.35448,-2.12144
999,0.984908,1.43563,-2.65251,-2.63533
1000,1.56025,-1.03549,0.00459819,-1.8242
1001,-2.1115,-0.904857,0.80354,0.932947
1002,-1.48642,0.284408,-2.92959,1.06385
1003,-1.51975,-1.27554,-1.78195,0.731952
1004,-2.12648,4.40914,-3.56136,-1.09303
1005,4.50359,-1.58501,-0.00273944,-0.814826
1006,0.376216,-0.943149,0.625579,-1.39306
1007,-6.20187,2.98593,-1.18034,-1.03455
1008,-12.5007,3.33672,0.695047,0.796883
1009,-13.8056,2.57344,2.083,0.77284
1010,-18.597,0.844561,1.4431,-0.454778
1011,-15.9232,-0.371889,3.33683,0.524932
1012,-14.6602,-0.250597,4.31552,2.52276
1013,-11.1435,1.77457,2.25961,0.659907
1014,-10.7307,2.67405,-0.339581,2.17047
1015,-10.5258,2.00315,0.600785,2.30299
1016,-9.07851,1.26246,0.0733273,2.78279
1017,-8.15405,1.11071,2.33405,2.21273
1018,-12.1298,1.61346,4.08,2.0942
1019,-17.004,2.47211,4.90242,2.63623
1020,-21.8899,-0.636641,3.34472,0.77395
1021,-23.5191,-2.73209,3.74223,-0.411234
1022,-25.4823,-2.90374,0.802939,-0.777744
1023,-25.0892,-2.28007,-1.26826,0.423454
1024,-21.0948,-0.721849,3.22114,1.13499
1025,-19.8462,2.50284,4.15253,1.48054
1026,-11.5276,5.87039,4.41926,1.14642
1027,-10.4944,4.92207,1.17422,0.908794
1028,-10.2737,3.15677,1.45896,-0.471196
1029,-15.8208,2.27697,-3.36461,-0.835356
1030,-24.463,1.85794,0.209046,0.246517
1031,-24.8016,-0.0343045,-1.77925,1.38598
1032,-15.3043,3.10804,-2.46063,1.04984
1033,-7.22322,4.07112,-0.495231,-0.51662
1034,-3.86102,3.82805,2.12015,1.58561
1035,-6.93713,7.31849,4.26604,1.79243
1036,-2.11593,3.29135,1.30033,2.39763
1037,3.796,5.89294,1.21243,2.86096
1038,7.79245,7.6471,0.903109,3.16835
1039,14.5738,6.99752,0.0673348,3.06786
1040,15.5119,3.98157,-5.16402,-0.0867697
1041,19.4003,4.2636,-6.18985,-0.755477
1042,19.6142,3.84187,-3.08033,1.72643
1043,17.884,0.126522,-0.721786,1.5326
1044,14.748,-1.46459,-8.0989,0.781032
1045,14.5117,-0.613719,-7.61736,2.37397
1046,10.5751,-0.596457,-5.43296,0.601757
1047,4.72838,-0.47253,-6.56429,0.248684
1048,-0.964141,-2.46343,-2.00752,0.949113
1049,-2.29305,-2.58512,-1.87451,-0.0994999
1050,-2.29938,0.478391,-1.98015,-0.807293
1051,-0.679691,2.45752,-4.17401,-1.20757
1052,3.63651,4.08743,-6.5133,-1.34793
1053,5.8188,-0.323427,-8.49805,0.681908
1054,4.6257,-0.296939,-4.433,3.29699
1055,4.78915,0.358752,-4.95918,1.1288
1056,6.75574,1.50293,-2.89842,2.54462
1057,0.642709,-2.0083,-1.39444,1.70394
1058,-0.466386,0.631671,-2.96183,3.45699
1059,-1.83067,-1.38677,-3.07377,4.10138
1060,-4.14125,1.12076,-2.41312,4.54977
1061,-6.1809,0.552926,-1.76438,5.54447
1062,-5.35033,2.1489,-3.80631,5.39429
1063,-2.68085,-0.0639965,-5.387,3.04126
1064,2.94502,0.0954812,-9.15021,0.53801
1065,3.08726,0.634596,-7.46739,1.06509
1066,6.97254,3.57537,-3.64878,2.12353
1067,6.35348,2.98829,-3.5026,2.86715
1068,7.48321,0.475144,-4.0061,4.11855
1069,4.60099,-4.4008,-5.06154,5.71306
1070,6.99907,-5.64875,-1.92065,5.75556
1071,3.35017,-8.00504,-2.49508,5.17
1072,0.793915,-6.09382,-2.92242,3.92292
1073,-1.22308,-2.9218,-0.922301,2.62434
1074,4.6143,-1.4599,-2.97077,0.838664
1075,3.15686,-3.8652,-4.99144,1.12355
1076,3.15612,-3.87362,-6.37049,0.0832053
1077,2.9225,-1.97346,-6.02817,-0.24442
1078,1.66633,-0.734406,-3.24096,0.544573
1079,1.40746,-1.17667,-2.19648,-0.344284
1080,1.89509,-0.330565,-3.13173,0.418875
1081,4.28945,0.311928,-1.45509,0.978479
1082,7.33648,0.680885,0.857526,0.997739
1083,6.63193,-1.46878,-2.26041,-2.05262
1084,3.6558,-0.46002,0.615272,-2.63537
1085,3.08672,4.19363,2.92211,-2.41836
1086,2.31434,5.89391,3.96714,-1.96109
1087,13.2515,4.86404,1.5349,-2.52565
1088,7.00912,0.708732,-0.48544,0.03171
1089,4.3641,0.763923,1.53068,-1.47513
1090,2.77798,0.331273,2.72665,-2.48011
1091,1.6251,1.63617,-2.05173,-2.28887
1092,-0.14051,0.894741,1.24567,-1.1586
1093,0.892122,3.27839,-1.08501,-2.72792
1094,-2.4179,5.11752,-2.45501,-2.14573
1095,1.11884,3.06569,1.06456,-1.81973
1096,1.59505,2.43601,0.51641,-0.692588
1097,-0.289446,5.11709,1.49558,1.13925
1098,0.725049,4.26861,3.07469,0.496406
1099,4.83,5.44034,2.83194,-2.03485
1100,6.84364,3.78131,-0.761807,-3.09615
1101,6.70443,-0.911514,0.513823,-1.17707
1102,5.48796,-1.09859,0.18006,-2.49173
1103,2.06018,1.59182,0.583236,-0.551105
1104,2.64507,0.386163,1.86813,-0.957119
1105,0.160823,-5.47775,7.42979,1.74663
1106,-4.17635,-3.83579,4.50342,1.9055
1107,-1.24498,-0.0514447,3.21822,0.574007
1108,-3.01789,3.18983,1.80401,-1.03163
1109,-1.09985,4.18149,2.51025,-0.614198
1110,3.75423,5.85833,2.56694,-1.09534
1111,2.70565,3.25855,-0.281922,-1.96574
1112,6.52853,2.26671,1.02432,-0.169599
1113,10.4046,0.0292019,0.832827,-0.728341
1114,5.14862,-0.481069,2.30152,1.17462
1115,2.2736,3.07882,3.36387,0.601608
1116,4.38487,1.33589,0.865803,-0.112047
1117,-0.839508,-1.24249,-0.065858,0.0506346
1118,5.18326,-3.68639,-1.28975,0.119776
1119,-0.923571,-6.28757,2.54291,1.18931
1120,-0.334298,-4.05421,7.3923,3.32002
1121,6.85914,-2.58489,3.37209,0.599009
1122,8.19558,4.19237,4.63106,2.19331
1123,7.11324,1.96234,3.90474,1.12742
1124,11.9992,-0.17119,8.80521,3.13398
1125,14.7386,0.599865,5.4698,3.27242
1126,19.2605,-1.3661,3.62296,2.04403
1127,15.7913,-0.661832,0.45976,2.09628
1128,14.9667,2.1582,1.23196,2.67664
1129,20.1142,-0.792187,1.00607,-0.642589
1130,13.8941,-4.67525,1.39221,-1.6968
1131,14.2448,-2.60335,3.18044,0.156071
1132,17.0688,-1.47387,-1.00639,-3.55837
1133,12.6371,-1.54457,2.66082,-2.58056
1134,11.4802,-0.469204,1.69375,-1.6964
1135,9.42502,-3.25621,3.20397,-1.96087
1136,14.5841,-1.59149,1.57793,-2.03362
1137,12.2153,-1.90027,0.590512,-2.32656
1138,15.9836,-4.00731,2.70586,-1.67133
1139,12.546,-3.07234,-0.616792,-4.66311
1140,7.295,-4.93552,-3.09257,-3.6517
1141,7.26954,-4.25024,0.257281,-0.900569
1142,5.96333,-2.58793,2.70104,-3.43381
1143,2.41073,-2.08144,1.92117,-2.18276
1144,-0.405451,-2.72912,-2.48776,-3.03394
1145,-6.60753,-4.24688,-3.81236,-4.23741
1146,-7.74156,-6.85941,-1.96293,-4.38548
1147,-8.13606,-4.84384,-3.39031,-4.09739
1148,-7.92615,-3.27059,-1.28672,-2.98717
1149,-9.03808,-4.60564,-2.22492,-1.52159
1150,-10.9713,-3.19387,-1.60115,-0.844
1151,-7.08044,-1.75682,-1.43577,-1.78307
1152,-6.71614,0.36761,-1.48255,1.36659
1153,-4.72586,-1.55969,0.00467212,1.65843
1154,-1.92051,-1.98532,-2.26932,2.33881
1155,-4.09259,1.29206,3.06215,2.85433
1156,-2.04815,2.63128,0.35378,1.82681
1157,3.02756,0.526083,-0.100346,2.40922
1158,5.23973,1.65557,3.92087,3.62272
1159,2.35088,0.833692,1.85976,2.37395
1160,1.66297,1.50512,1.96813,3.48581
1161,0.981824,-0.148038,1.79465,2.69273
1162,3.71984,1.14022,1.218,4.49607
1163,1.68133,0.80253,0.204969,4.03132
1164,-3.20218,2.55498,0.510483,2.48258
1165,-3.97996,-1.53763,-0.252396,2.70129
1166,-2.53752,-2.36971,-0.958931,1.44714
1167,-7.21363,-2.77658,0.376474,2.45393
1168,-6.34185,-2.218,-0.41298,0.88037
1169,-6.71095,-1.71373,0.304497,-0.692635
1170,-5.74534,0.300222,-0.017178,-0.27633
1171,-4.78667,-0.457299,-1.97348,-2.19501
1172,-9.8736,-3.08599,-0.00678642,-2.65449
1173,-4.40845,-0.481484,0.937255,-1.39152
1174,-3.91806,0.094431,0.415215,-3.50582
1175,-3.22703,-0.167537,1.26883,-1.58921
1176,-2.15906,4.98838,2.96976,0.793984
1177,1.30915,3.6462,3.63966,-1.22281
1178,2.64048,3.98934,3.87261,0.443958
1179,8.93333,7.80718,5.06269,-0.835943
1180,9.77072,7.36923,6.76804,-0.653146
1181,9.65887,6.82059,6.33591,-0.897795
1182,12.371,5.13011,4.15075,-2.83838
1183,11.8257,4.1335,1.81686,-0.890494
1184,13.9651,3.36118,2.89876,0.285436
1185,12.757,4.9278,3.00494,-2.22723
1186,12.2003,2.0064,1.89352,-3.83838
1187,14.3814,1.49018,2.16627,-4.68223
1188,9.21112,0.291835,0.43296,-5.15832
1189,9.88421,-1.84914,2.50373,-2.418
1190,9.41999,-1.19419,2.86585,-3.82586
1191,10.7452,-1.69934,5.58955,-4.35218
1192,14.7884,1.24312,6.50512,-2.18886
1193,12.5559,4.14378,4.63254,-2.60242
1194,11.0334,1.7637,3.94097,-3.56674
1195,11.8767,-0.00551328,3.22284,-3.80022
1196,14.885,2.0543,2.88022,-2.82993
1197,22.3521,-1.6915,4.78871,-0.343258
1198,25.4167,-0.839019,0.0662702,-0.779603
1199,20.6728,0.582004,-0.0357991,-3.20908
1200,16.0984,-0.243812,-0.656264,-4.52
1201,10.5783,-2.93694,0.656363,-3.03098
1202,10.5023,-4.14598,0.253343,-3.50251
1203,11.8009,-4.22196,1.19205,-3.69616
1204,10.2573,-2.33406,1.18322,-4.73215
1205,10.9782,-3.7659,1.20932,-3.24575
1206,11.5084,-4.54356,1.22087,-3.61715
1207,10.0529,-2.71287,-0.00558147,-2.87695
1208,11.7212,-4.03345,2.51353,-1.58856
1209,11.6902,-2.21878,2.20159,-0.552852
1210,12.4908,2.1205,-1.3053,-2.45376
1211,8.58936,2.38463,-0.40285,-1.61394
1212,7.36427,2.95518,-1.36836,-0.327906
1213,1.34763,-1.22463,-1.91366,-1.16992
1214,-3.94158,-4.21884,-0.219119,0.232054
1215,-6.67738,-2.38546,-2.32891,-1.56487
1216,-9.60601,-1.94782,-4.59905,-1.6988
1217,-8.74648,-6.90595,-3.24482,-1.1367
1218,-12.8108,-4.97305,-2.27124,-2.38228
1219,-14.8054,-3.23945,-1.80606,-3.3991
1220,-10.3979,-1.15159,-2.40134,-4.80697
1221,-10.1821,-1.35768,-0.55877,-1.39179
1222,-14.4973,-1.64632,1.89258,-2.16846
1223,-14.6009,-0.935185,0.160262,-1.7186
1224,-16.4216,0.966822,3.39033,-1.5927
1225,-16.0386,5.54815,-0.437018,-2.94577
1226,-11.2143,6.27263,-1.69368,-3.02528
1227,-7.58448,1.87101,-1.78074,-1.83481
1228,-8.9496,0.892954,-1.32343,-0.750891
1229,-7.25137,2.16282,-0.128469,-0.710792
1230,-4.10832,0.487025,-1.50874,0.344911
1231,-4.92305,3.40428,-0.316443,0.84622
1232,-1.98433,3.00166,-3.82103,-0.669543
1233,-2.65291,3.92303,-1.26178,-1.55174
1234,-3.65128,3.12271,-1.49077,-2.29968
1235,-5.52583,5.17943,-0.576979,-0.103718
1236,-4.4763,6.44013,0.94217,-0.236101
1237,-2.37264,3.56446,3.11389,0.415755
1238,-1.28843,1.47714,0.814459,0.348063
1239,-4.2199,1.82598,0.389657,-1.0121
1240,-3.95123,2.40056,-0.279584,-0.293935
1241,1.90587,-0.513648,0.838555,1.00915
1242,3.65835,3.42372,-1.87958,0.526837
1243,3.1834,5.88307,-3.40374,-0.562698
1244,2.1345,3.27478,-5.72189,-1.84146
1245,-0.274281,1.01739,-2.31716,-1.90097
1246,1.76012,-0.647915,-1.64302,-0.485472
1247,1.88989,-0.707684,-0.321421,-0.50959
1248,1.60894,-3.65617,0.346563,1.95095
1249,3.70953,-1.88504,-1.35504,0.264357
1250,0.322019,-1.26773,1.61992,2.4501
1251,0.845101,1.25046,3.19336,2.18656
1252,1.52799,0.972713,2.87074,3.61005
1253,3.80264,2.14369,1.70766,1.25965
1254,2.21621,2.09343,0.231924,2.66873
1255,-0.619683,1.70994,2.45273,0.744091
1256,-1.38252,1.91067,-0.583419,-0.380757
1257,4.69705,3.07708,-1.75054,-0.00828799
1258,4.81949,4.90985,-1.45385,0.935994
1259,1.37118,5.5429,-4.24489,-1.19281
1260,3.11161,1.72205,-2.02465,-0.370186
1261,-1.63777,0.6808,-4.27761,0.487081
1262,1.43413,-1.25239,-1.22073,-1.31471
1263,-1.8668,-2.46748,0.867866,2.54289
1264,0.966529,-1.50944,2.19555,0.0740461
1265,-2.551,-0.774114,4.49068,1.19187
1266,5.63481,4.04999,4.12209,0.0458815
1267,7.11145,2.76286,-0.0066017,1.34716
1268,10.032,4.36731,0.579714,0.386736
1269,10.2249,1.53895,-2.18175,-2.62847
1270,6.82206,-0.44921,-0.680128,-3.10018
1271,5.77759,0.323428,-1.92633,-2.0374
1272,6.18807,0.39266,-4.05792,-2.5417
1273,4.60179,-0.369269,-2.46077,-2.06331
1274,8.07226,3.68781,0.990158,-1.35377
1275,9.58535,6.12614,0.1469,-1.56633
1276,8.43551,1.44479,0.173822,-2.25001
1277,6.91814,2.61044,1.1139,-1.64008
1278,3.47282,3.77636,0.134429,-0.7626
1279,3.08912,0.95577,-1.08163,-0.620185
1280,6.69495,0.595786,-1.53398,0.0735718
1281,7.35284,-0.838848,-0.956998,0.598039
1282,8.01935,2.02334,-1.2474,-0.106146
1283,9.75462,1.38231,-1.40359,-0.184325
1284,6.75699,-1.29564,-1.1824,0.854167
1285,5.68504,1.9132,-2.57924,-1.04408
1286,0.625241,1.17459,-2.27638,-0.881261
1287,-0.326896,1.72421,-2.75511,-2.20059
1288,-2.92184,-0.185463,-3.25758,-0.445469
1289,-3.68125,-0.359391,-1.27099,-1.45166
1290,-7.59758,0.217379,1.79306,-2.35686
1291,-8.72757,0.55672,0.318639,-2.13854
1292,-10.8464,2.76264,-0.0111878,-2.17417
1293,-11.5383,2.99032,1.39686,-2.48429
1294,-8.49427,2.51876,3.08651,-1.33507
1295,-9.51571,-0.064563,5.18519,-0.97502
1296,-4.25694,3.95127,2.91851,-1.623
1297,0.0440988,2.74488,3.75288,-1.88464
1298,7.26414,0.392433,2.8497,-1.32816
1299,8.70214,4.00053,1.07521,-2.69523
1300,12.8483,5.43121,2.54273,-0.621472
1301,13.7334,4.56376,1.08203,0.0242787
1302,11.5418,2.36936,-0.79385,-2.29058
1303,14.2658,2.32534,3.69929,-0.597358
1304,14.8512,-3.74427,2.34886,-2.32336
1305,13.677,-3.61539,2.29111,-1.53857
1306,14.5114,-5.39094,1.38432,-1.90508
1307,16.8007,-3.75554,3.11054,-0.536553
1308,9.92715,-2.45655,1.06586,-1.36902
1309,5.09257,-3.5101,1.33191,-1.03919
1310,3.9727,-5.64614,1.37977,-0.634824
1311,-0.353226,-7.39658,1.63787,-0.466525
1312,-8.3512,-8.15809,1.45573,-3.32198
1313,-8.51146,-6.00218,1.70841,-3.51004
1314,-11.132,-4.89498,3.46448,-3.41955
1315,-14.2211,-2.16207,3.68722,-4.02772
1316,-14.9684,-1.19815,5.4803,-4.54147
1317,-17.0564,-0.12002,4.86776,-3.28897
1318,-18.3563,-0.610244,4.29879,-2.82874
1319,-17.1502,-1.81057,4.85037,-0.836984
1320,-15.02,0.836576,3.37229,-0.76471
1321,-9.03567,1.89667,4.09552,-1.18134
1322,-6.73983,10.4532,3.40549,-2.04598
1323,-3.36308,5.48344,3.96232,-0.987179
1324,2.2979,9.91347,2.86352,-1.90979
1325,-0.194391,7.43928,5.32499,-0.360997
1326,-2.97095,6.24827,0.760927,-2.97108
1327,0.32186,4.43887,0.235728,-2.95403
1328,0.45765,8.48902,-0.983356,-0.00189426
1329,1.53076,5.50817,-0.531718,-3.179
1330,3.13818,6.44765,-0.912749,-2.79881
1331,5.35723,4.73545,-1.49216,-1.71175
1332,6.47705,0.280319,0.354319,0.979186
1333,5.76374,-1.46136,-0.293876,-1.93528
1334,5.58442,1.29994,-0.898685,-3.57103
1335,7.65125,3.62888,-4.185,-6.14559
1336,5.13244,2.50313,-3.40848,-5.74015
1337,2.88618,3.00578,-0.472507,-4.32575
1338,3.97221,5.16184,0.82056,-3.89984
1339,9.66389,5.64905,-0.0942913,-3.09728
1340,10.6143,9.19491,-3.68434,-2.24094
1341,9.93873,8.22446,-1.69314,-4.20968
1342,10.2058,7.48893,1.76109,-2.79496
1343,9.48839,6.25399,0.942376,-3.85944
1344,12.4254,4.04159,1.31033,-2.90212
1345,11.9506,6.41066,-1.25047,-3.38224
1346,11.9424,5.17143,-0.120215,-3.19259
1347,8.9511,2.71281,0.88107,-4.95283
1348,9.29667,3.82633,3.36097,-3.02898
1349,0.654031,7.82089,0.0477551,-4.82744
1350,-2.29647,2.4745,1.87219,-3.71553
1351,-3.18267,2.80898,-1.61381,-3.74948
1352,-2.61498,0.0824274,-4.16798,-2.46356
1353,-3.48552,3.10205,-4.74589,-2.95683
1354,-7.7881,4.39566,-1.47157,-1.27472
1355,-9.40018,4.93392,-1.97712,-3.34162
1356,-12.8848,8.67684,-1.64841,-4.35116
1357,-9.24811,9.5929,-0.0622808,-3.79697
1358,-6.86369,1.98606,-1.80523,-2.19896
1359,-6.89792,0.387951,-5.95112,-1.06177
1360,-11.9373,-2.55135,-5.03938,-2.13953
1361,-8.98431,-2.82115,-2.90714,-0.356812
1362,-5.24279,0.854601,-3.3817,-0.224193
1363,-4.47751,0.548157,-3.78067,-0.872345
1364,-10.4088,2.96826,-5.36668,-2.29167
1365,-12.3691,-0.807327,-3.76719,-1.06136
1366,-10.5921,-1.47307,-2.04151,-1.44536
1367,-10.9777,0.174242,-2.10557,-3.11683
1368,-11.3777,1.23214,-1.44634,-1.96358
1369,-7.00896,3.68055,-1.0756,-0.817121
1370,-2.56855,3.49336,2.23751,0.887168
1371,-2.23471,3.39254,3.609,0.00348141
1372,1.11438,6.83871,3.34265,0.97068
1373,8.19649,6.03094,3.145,-1.22458
1374,15.4778,10.7173,0.926359,3.55177
1375,18.5361,8.01388,1.13648,1.09573
1376,15.7603,2.50686,-0.593748,0.0716931
1377,14.4648,-0.0897613,-0.437984,0.141304
1378,16.2932,0.925412,-2.57559,-2.29604
1379,22.2865,-1.2462,-1.34919,-2.2485
1380,22.7961,-1.49593,-1.86592,-1.09915
1381,20.7032,-0.958565,-0.375464,-0.906362
1382,19.4761,-2.03389,-0.287501,-1.45432
1383,13.0684,-4.58237,0.0141434,-3.73619
1384,13.5927,-1.56376,2.67124,-1.07232
1385,12.7857,-4.10892,2.27948,-2.67868
1386,10.9026,-3.60114,3.40952,-2.07561
1387,12.3938,-1.51971,4.67979,0.502869
1388,14.8054,-4.78836,5.50589,-0.857886
1389,14.6262,-2.2939,1.4517,-3.49325
1390,14.4286,-1.9178,1.10617,-1.00967
1391,15.087,-1.83305,-0.123141,-2.31973
1392,7.09226,-1.95316,0.532507,-0.285301
1393,3.79875,-2.12258,-1.28517,-1.71555
1394,2.29124,-2.74516,-2.14675,-2.80609
1395,-3.65972,-2.0738,-2.76907,-2.90591
1396,-7.65539,-3.53409,-2.51467,-4.11679
1397,-10.4213,-4.91363,0.56031,-3.04188
1398,-14.8099,-6.83401,-1.2787,-4.68898
1399,-18.7847,-9.71753,1.49026,-3.56696
1400,-17.4959,-7.61855,3.30767,-3.32119
1401,-21.5441,-5.05281,3.56441,-3.48659
1402,-23.1466,-6.46187,5.65354,-1.12317
1403,-24.3703,-7.85442,4.7242,-0.906997
1404,-18.4787,-3.46185,2.14885,0.469519
1405,-13.2253,-0.859077,4.14427,0.760727
1406,-7.60144,0.641018,2.56121,2.38585
1407,1.08815,-0.324903,2.68258,4.03973
1408,9.03898,2.11165,0.453796,1.64682
1409,12.6352,1.01307,-1.01457,3.14406
1410,11.6223,2.6807,1.20389,4.50943
1411,17.3735,1.11155,0.00810424,4.86775
1412,16.3851,0.162567,0.688673,3.79509
1413,19.6417,-2.94324,-0.500663,4.32224
1414,22.0753,-5.80405,-4.25964,2.24056
1415,24.4259,-7.27859,-2.39481,1.76039
1416,24.8546,-8.68348,0.196218,-0.477514
1417,20.2113,-6.53554,-1.38529,-3.49817
1418,13.8214,-7.4959,-1.71604,-4.36971
1419,11.5959,-6.85603,-0.882761,-4.3846
1420,8.42062,-8.54672,-1.47842,-5.31613
1421,7.68922,-6.99961,-1.06549,-5.93233
1422,13.5458,-10.3774,0.32511,-4.94353
1423,7.22556,-4.4222,-1.32478,-3.29653
1424,10.3271,-2.07186,2.99361,-1.54703
1425,10.6934,-5.16023,2.86587,-1.8951
1426,12.4488,-5.07321,2.25092,-0.78007
1427,11.0576,-4.38217,5.11411,0.418348
1428,9.63019,-1.64283,8.84937,0.250986
1429,8.93382,0.0890589,3.69045,-3.1077
1430,10.0778,-3.68687,1.60806,-2.16365
1431,8.16449,-5.75408,2.08375,-2.26462
1432,12.9597,-5.75964,3.36496,0.0183343
1433,16.4976,-3.73173,3.25165,-1.30767
1434,16.8878,-6.50528,2.60065,-0.116304
1435,15.5373,-8.23911,3.84365,-0.497639
1436,19.3296,-5.40649,6.1086,0.215065
1437,21.5597,-8.08077,6.62764,1.32816
1438,24.3322,-8.0493,6.09414,0.220234
1439,25.3456,-5.55639,4.62515,0.435852
1440,26.9131,-5.17575,2.43352,-1.90964
1441,18.9034,-7.39914,2.98744,-3.4108
1442,9.81949,-4.58899,1.34808,-6.07736
1443,7.14019,-4.45799,0.821812,-3.97618
1444,6.37784,-8.03506,0.55801,-5.8872
1445,-1.20523,-10.4465,-1.86989,-6.06848
1446,-0.978444,-10.8837,-0.365918,-4.61108
1447,-6.73707,-10.0403,0.51746,-5.14102
1448,-8.76001,-6.11959,2.97434,-4.18572
1449,-11.6519,-4.16818,2.24657,-2.42087
1450,-11.5204,0.161209,-0.527121,-1.37205
1451,-8.38691,-3.46813,0.993644,0.028667
1452,-10.9599,-4.54486,1.93205,1.06963
1453,-4.65372,-3.63859,2.47762,2.41775
1454,-3.41677,-4.36254,2.84317,2.42132
1455,2.99533,0.291449,1.97804,3.18935
1456,-1.21962,-1.04404,4.52215,6.93547
1457,-1.98972,-0.433677,5.32754,4.65743
1458,-2.97978,1.36371,3.89563,2.10585
1459,1.22277,5.70291,4.74983,3.52795
1460,-1.66347,6.74728,1.51632,0.755524
1461,-4.60262,4.21714,3.04012,-0.244665
1462,-6.71334,5.05682,5.54126,0.341269
1463,-4.41872,6.62981,4.08205,-4.29949
1464,-6.13704,2.79568,3.01803,-2.76503
1465,-2.23146,0.642655,3.93186,-1.35006
1466,0.703669,0.622404,3.54537,1.29815
1467,5.56067,1.27648,1.56816,1.78386
1468,3.50301,4.33528,1.47799,-0.322249
1469,8.56254,3.94449,2.66111,2.45191
1470,7.12223,3.67105,2.53279,2.64632
1471,8.7439,5.7258,0.878332,1.55405
1472,7.17356,4.40043,-1.18246,1.02675
1473,8.05465,-0.534873,-0.46271,-0.460778
1474,2.1125,-0.149628,0.0975431,-0.849347
1475,-0.932476,-2.13214,-1.8174,-1.27818
1476,-0.0665119,2.06046,-1.34109,-2.65487
1477,1.99811,-0.812152,2.3736,-0.974534
1478,0.421024,-1.19698,2.11476,1.90074
1479,-2.37909,-0.534252,1.28721,0.335699
1480,-2.98328,-2.10577,1.94289,2.61458
1481,-2.08287,-1.91524,0.512821,-0.256042
1482,1.05377,-1.14904,-2.57188,-1.52053
1483,-1.72051,-4.32235,-0.122402,-0.784204
1484,-7.10932,-5.4097,2.85184,-0.665096
1485,-4.39548,-2.97118,-1.88018,-0.662991
1486,-3.24539,-0.545488,-1.88322,2.09847
1487,-7.04843,2.31299,0.478562,1.7271
1488,-7.33752,5.60253,-2.25722,-0.630526
1489,-4.69565,4.63884,-2.77007,0.707768
1490,-3.57491,4.70424,-3.17261,-0.678861
1491,-3.0588,1.42955,0.924581,0.0791553
1492,-3.11548,0.203857,-3.16488,-2.8256
1493,-3.12132,-1.1897,2.38722,-0.842915
1494,1.94838,3.15749,1.43275,-1.39526
1495,3.22619,0.444385,2.79114,-0.885078
1496,1.15581,1.89869,-0.214647,-0.182151
1497,2.9063,3.47823,-1.08726,-1.37157
1498,0.0182615,1.54882,-0.983412,-0.633207
1499,-1.4591,1.02453,1.89797,-1.69696
1500,8.5468,3.07125,-1.81055,-1.86703
1501,9.41714,0.75493,-0.208929,-2.21486
1502,4.42082,0.475291,1.0664,-2.01036
1503,8.82905,-2.0801,-0.298309,-2.18148
1504,7.74692,-3.01673,0.716672,-1.78163
1505,5.63778,-2.78205,2.90968,-1.56203
1506,9.43034,-3.16667,0.72371,-1.62202
1507,9.04496,-0.626674,0.869906,-0.106475
1508,3.35625,1.42358,-0.0457308,-1.90221
1509,2.19792,-0.323854,-2.10851,-1.32611
1510,3.38678,1.11973,-2.45284,1.08905
1511,-1.20599,-0.169343,-3.7151,1.79134
1512,-3.85911,-0.361799,-2.13033,1.25942
1513,-0.290164,0.54616,-2.86,0.16775
1514,0.658279,2.03975,-0.323968,-0.49117
1515,-3.94627,4.12,-0.120644,-1.44234
1516,-9.26804,3.48367,-0.441055,-3.02109
1517,-12.6029,5.69513,1.68787,-3.52585
1518,-9.7952,2.9824,1.03678,-3.40828
1519,-12.8721,-0.501419,3.04098,-3.5549
1520,-19.0912,-3.80662,3.55287,-2.18228
1521,-24.1232,-5.4511,4.06979,-1.25093
1522,-27.5656,-7.98616,3.97983,-1.81686
1523,-32.2969,-12.8602,5.27215,1.90101
1524,-32.5477,-12.4564,6.04486,4.88345
1525,-27.079,-10.7247,7.89073,7.02559
1526,-21.5189,-10.671,5.44423,4.55864
1527,-17.3253,-14.1045,0.740607,2.23224
1528,-19.6136,-16.083,-2.24322,-1.86591
1529,-18.4715,-17.1087,-6.05226,-2.27645
1530,-13.4712,-16.0377,-6.85458,-2.58768
1531,-10.6983,-14.9345,-4.26704,-0.906071
1532,-6.13179,-10.3229,-2.15178,0.905654
1533,-0.424686,-8.82446,-2.82504,3.27003
1534,3.18546,-4.3324,-1.28,5.72726
1535,1.73429,-2.57034,-4.12438,4.91083
1536,3.99927,-1.02598,-4.50233,7.66386
1537,2.7255,-3.1186,-0.57272,7.65247
1538,2.05837,-5.22227,1.66454,5.80533
1539,3.17462,-6.29888,2.27335,5.54861
1540,6.46236,-3.49996,3.91929,5.53293
1541,8.46095,-1.05602,4.20156,4.91098
1542,6.4895,-0.252887,2.73671,1.46389
1543,5.43117,-1.76909,2.38219,2.39172
1544,1.50869,2.12587,-0.668434,2.56473
1545,6.85313,0.111243,-0.042813,2.62995
1546,8.91224,-2.58411,-1.45411,1.9962
1547,14.1152,-3.47752,-1.06246,3.17342
1548,11.9161,-1.72881,-0.748401,1.60762
1549,13.3678,-1.52113,0.0360969,2.56188
1550,11.9147,-4.32274,1.66658,3.63534
1551,11.2153,-2.15685,2.40347,2.69676
1552,10.3802,-0.716961,3.30066,2.86881
1553,9.92826,-0.0201597,3.24512,0.605843
1554,9.86113,3.78828,2.71271,0.698424
1555,7.19599,4.24062,2.145,-0.452752
1556,6.42031,4.33291,0.588265,-1.47833
1557,6.59841,2.40143,0.626596,-0.0810135
1558,5.89574,4.55036,0.0300095,-1.15326
1559,5.6768,4.24465,-0.823046,-0.827749
1560,6.95889,2.02305,-3.4673,-0.120386
1561,4.79406,-0.050699,-5.01208,-0.094288
1562,4.00189,0.00388907,-3.01444,-0.314507
1563,3.78669,1.32296,-0.262322,0.400255
1564,3.5599,1.75283,0.44246,-0.0328102
1565,1.12641,5.26198,1.64988,-0.524316
1566,-0.266986,4.39404,1.10757,-1.83295
1567,-2.88038,3.92334,-0.135376,-1.97264
1568,-8.67975,3.69881,2.01932,-2.77914
1569,-11.1731,3.09913,2.15111,-1.7104
1570,-13.6187,2.57319,3.68613,0.353632
1571,-12.4938,1.88482,5.01908,1.34829
1572,-13.0242,-0.778464,3.72226,1.26014
1573,-12.9699,-1.5016,2.53064,0.732655
1574,-14.4427,-3.31967,3.05773,1.85356
1575,-12.717,-4.73343,3.72808,2.46345
1576,-12.0817,-5.02296,2.24942,-0.685874
1577,-14.9525,-1.9342,4.05512,-0.94506
1578,-17.8175,-1.61738,4.83909,-0.863901
1579,-19.1667,-1.66277,3.37073,-1.1748
1580,-23.1347,-0.751331,1.60979,-1.23474
1581,-20.039,-0.672825,0.409163,-0.623785
1582,-19.4348,3.33527,-0.652834,0.657419
1583,-16.8,0.634376,-1.30128,0.903783
1584,-11.2802,2.61694,-1.02645,1.76032
1585,-5.82194,2.62661,0.36717,3.01468
1586,-2.19509,0.306009,1.46826,3.1104
1587,3.4176,0.803905,1.39543,4.85225
1588,10.1239,1.91095,-1.22192,3.54068
1589,15.1136,4.41595,0.324175,4.80224
1590,17.9621,4.12626,-0.359721,2.97811
1591,17.066,1.92339,-0.360772,2.32381
1592,12.587,0.858892,0.558294,-0.154037
1593,19.3246,-2.76601,-1.19139,1.45787
1594,22.0401,-4.74354,-2.04433,1.80967
1595,22.6735,-3.80064,-2.34584,1.11088
1596,20.3956,-7.37196,-3.7057,2.11376
1597,15.5147,-10.1845,-2.47394,2.14671
1598,15.4506,-6.17711,-1.07311,1.84641
1599,11.2263,-5.29776,-1.04918,0.650539
1600,9.16906,-2.03484,0.625007,-0.20753
1601,8.15558,-3.66321,2.05207,-1.01174
1602,6.90696,-1.14009,-0.659834,-1.47841
1603,6.62233,-0.898726,-0.606585,-0.980543
1604,4.69866,-0.0911584,-0.467191,-1.15166
1605,4.97971,-0.445254,-1.20655,-1.60041
1606,3.57773,0.391776,-0.874709,-0.887724
1607,2.48799,3.07434,-0.464813,-0.987296
1608,1.55424,3.05749,-1.57536,-1.04556
1609,-1.37795,1.00839,-1.5067,-1.13697
1610,-0.98655,2.57554,-0.555995,-1.18882
1611,-2.99587,1.13669,-0.490552,-0.366334
1612,-2.89952,-0.473279,0.0298843,-1.84099
1613,-0.807472,1.39116,-1.17669,-1.93261
1614,0.549308,4.85822,-0.925675,-1.30208
1615,-2.77308,4.97321,-1.64042,-1.66567
1616,-4.01681,4.39922,-1.33337,-2.16867
1617,-3.99334,6.3394,-1.34319,-1.00013
1618,-2.21961,6.60142,-0.763569,-1.90978
1619,-3.89739,6.55845,-0.795884,-3.42114
1620,-4.72251,6.91532,-0.462561,-1.92662
1621,-2.6235,4.80716,-1.70507,-1.90953
1622,-1.68165,3.08923,-1.11036,-1.67973
1623,-2.77741,5.38078,-0.650966,0.128623
1624,-8.25617,1.73538,-0.833077,-0.08282
1625,-11.1689,1.39516,0.910497,-0.53982
1626,-11.5767,0.90917,-1.43327,-1.04562
1627,-9.17785,3.22931,-1.36383,-0.449568
1628,-8.08993,3.81362,-0.485348,-1.71383
1629,-11.8898,2.91915,1.47387,-1.54865
1630,-13.4739,2.42873,3.59237,-1.07027
1631,-16.5467,1.06804,6.16669,0.529802
1632,-14.8224,-0.856736,8.12739,1.20028
1633,-13.8136,-0.874023,7.05122,1.074
1634,-13.7448,-2.84538,6.19706,0.465043
1635,-15.8287,-4.18461,4.19122,0.81666
1636,-16.766,-4.14152,2.64815,-1.65298
1637,-8.41332,1.66714,1.71089,-1.8611
1638,-5.28807,6.04011,1.46382,-1.46022
1639,-1.92288,4.34575,0.306223,-0.483672
1640,-1.97537,4.98841,-0.711253,-0.621767
1641,-1.4919,3.25311,-1.23999,-0.824735
1642,-2.7663,2.83775,1.8992,0.782337
1643,-2.16829,3.91421,2.39678,-0.587543
1644,-4.29371,3.03224,2.53068,0.338016
1645,-6.51628,-0.321781,1.71208,0.931657
1646,-7.57048,-1.28838,2.78306,1.41098
1647,-11.0534,-3.627,3.24607,1.30951
1648,-12.9466,-3.81202,4.11455,0.233619
1649,-9.52017,-1.10844,3.12659,-0.65603
1650,-5.61798,2.13797,2.85548,-1.57739
1651,-4.52708,2.10922,1.45057,-1.73948
1652,-7.01353,2.01926,1.49732,-1.49044
1653,-7.74667,0.269693,1.31309,-0.285943
1654,-6.19466,2.59551,1.58183,0.00552506
1655,-6.08327,2.26538,-0.170669,0.156911
1656,-4.60707,1.58447,-0.338512,0.976948
1657,0.667965,1.94605,-0.0730582,1.73488
1658,-0.303622,3.77397,0.839349,1.99783
1659,-0.501664,4.44244,1.91135,2.54064
1660,-3.01357,2.95868,1.55284,1.30582
1661,-3.7843,3.96342,2.45554,0.553573
1662,-1.13446,8.35962,0.251631,-1.58954
1663,-2.6288,10.406,1.19188,-2.51958
1664,-6.19094,6.70023,0.642652,-2.29229
1665,-11.8125,3.13877,0.798549,-1.98147
1666,-13.1584,2.61768,2.20615,-1.48039
1667,-13.0278,1.55001,2.27349,-0.796329
1668,-11.7843,0.221285,0.624185,-0.219589
1669,-8.54571,1.48612,-0.380624,0.236525
1670,-5.13461,4.20581,-0.0623854,0.589284
1671,-1.37063,4.30986,0.791309,1.48415
1672,0.179038,5.04825,1.09727,2.37012
1673,-2.43829,3.15489,0.813593,1.7836
1674,-1.07799,2.86427,-0.752234,1.18807
1675,3.49245,4.25635,-1.37249,0.953682
1676,3.86201,3.27974,-3.28326,0.0915825
1677,7.45037,0.97679,-3.02263,0.925456
1678,7.81925,0.81581,-3.13626,0.623155
1679,7.8436,1.81882,-5.22048,1.01964
1680,7.44028,0.625585,-5.72243,1.47722
1681,8.106,-0.762597,-5.74351,1.37664
1682,5.07208,-2.53203,-2.94782,0.643022
1683,7.87654,1.03725,0.986419,1.94665
1684,7.76604,1.13743,0.805527,0.298064
1685,6.17232,2.79168,2.09862,0.352502
1686,5.06685,2.67082,1.33939,-0.181109
1687,4.53032,2.91686,-0.46536,-0.298676
1688,3.853,2.89789,-1.07028,0.13746
1689,4.39027,1.94197,-1.16044,1.3395
1690,4.69719,3.15909,0.772146,2.65401
1691,7.9173,4.16328,-1.07261,2.66903
1692,6.79684,5.29557,-2.93316,0.0575583
1693,5.46551,2.98444,-3.75388,-1.47783
1694,-0.0058696,0.104748,-3.08583,-1.38328
1695,-4.93766,0.845333,-1.46589,-2.54675
1696,-12.8915,-3.81989,-1.77873,-3.68598
1697,-18.5875,-6.9968,-2.3319,-4.31775
1698,-23.6623,-9.40315,-4.40981,-5.26281
1699,-29.5167,-11.2331,-1.88903,-5.09248
1700,-32.8981,-11.5134,-0.563573,-4.09978
1701,-33.7867,-12.9954,1.27535,-2.92197
1702,-36.1871,-12.687,0.827736,-2.38238
1703,-36.0441,-14.8928,-1.03967,-0.400695
1704,-33.7624,-13.8697,1.61196,1.40431
1705,-27.3326,-10.858,1.84068,1.98569
1706,-21.6398,-10.7281,1.83039,2.89738
1707,-16.7737,-13.6962,-0.700742,3.55157
1708,-14.1665,-12.3971,-1.7938,2.34101
1709,-4.01641,-7.60622,-5.31449,0.925885
1710,-0.547431,-7.96268,-6.01257,1.83815
1711,-0.174657,-8.2652,-4.90049,2.47607
1712,2.68029,-5.40753,-3.40907,3.39563
1713,7.55318,-8.1454,-3.80187,4.13308
1714,8.4665,-7.26303,-2.07501,5.66404
1715,12.3313,-7.81907,-4.48978,6.04153
1716,14.8187,-7.41102,-2.73774,5.98624
1717,12.9133,-10.6273,-1.37609,4.50543
1718,9.15995,-10.6869,-0.850295,3.97579
1719,12.2579,-6.72396,1.50713,3.69403
1720,9.99706,-6.86879,0.65836,1.96425
1721,11.3295,-4.15068,1.22388,0.561387
1722,12.0391,-2.61886,1.12886,0.300086
1723,11.9612,-3.26732,-0.629539,1.29869
1724,12.0613,-1.13773,0.895997,1.88414
1725,13.4633,-2.22601,-0.181446,1.17557
1726,17.1776,-1.38992,0.0301756,1.78726
1727,18.8488,-3.41822,-0.990344,3.318
1728,19.3857,-3.60884,-3.57585,4.70932
1729,15.3889,-7.45676,-3.29835,4.47364
1730,11.3538,-9.03602,-0.412333,4.31935
1731,6.38335,-9.9157,0.11821,3.65673
1732,6.85268,-7.42114,1.13397,1.71079
1733,9.27137,-1.61866,2.92079,-0.116145
1734,9.01592,0.797305,1.39903,-0.883046
1735,7.53735,1.27376,-0.446456,-0.781686
1736,5.38761,0.380764,-1.82159,-1.18734
1737,6.6211,-2.87432,-2.19376,-0.860823
1738,8.87085,-0.740815,-1.37276,1.96422
1739,8.42718,-3.976,-1.20894,2.54653
1740,8.22983,-3.46075,-2.01192,4.03771
1741,7.19559,-6.96338,-1.07653,5.00604
1742,1.90062,-8.62963,-2.42246,4.46354
1743,0.95408,-6.43537,-2.10204,3.28375
1744,2.07467,-2.57492,-0.36013,3.2559
1745,1.80584,0.192629,1.72274,2.63247
1746,1.49141,4.0954,-0.244241,0.543713
1747,0.747448,4.49236,-0.883468,0.866774
1748,2.03907,6.07035,-1.19473,1.3501
1749,2.65154,5.2396,-0.587701,2.1995
1750,3.66303,6.05837,-1.21274,1.6952
1751,4.12285,2.81206,-2.80515,0.843526
1752,3.36171,4.79282,-2.46183,0.864357
1753,0.787102,2.36972,-3.18651,0.780082
1754,-1.94127,-1.561,-3.44883,1.62167
1755,-3.41903,0.437746,-3.50466,1.18719
1756,-4.99582,1.66035,-2.79394,0.116093
1757,-7.22572,3.68782,0.314783,-1.12092
1758,-5.60045,5.02635,0.60732,-0.753202
1759,-6.78421,5.05321,2.20335,-0.596201
1760,-9.81627,3.87029,2.14515,-1.13325
1761,-12.8955,1.7202,1.4197,-1.71876
1762,-15.8396,1.62154,1.71447,-1.11112
1763,-15.5003,1.10671,2.68001,-0.29633
1764,-10.1356,3.95379,1.98223,0.963715
1765,-6.67728,3.98292,-0.0191904,0.781268
1766,-5.4496,5.62561,-0.692356,2.06136
1767,-0.405791,4.53497,-1.15249,2.55228
1768,5.34247,5.63881,-0.737117,1.81105
1769,1.87349,6.53981,0.665379,1.28034
1770,-1.93237,4.33828,-0.556008,0.4541
1771,-3.31166,3.67222,-2.25099,0.268257
1772,-5.07652,4.3261,-2.33707,0.651273
1773,-7.68695,2.0819,-3.37954,1.73821
1774,-8.67681,2.10829,-3.43325,1.8328
1775,-6.57829,1.76507,-3.99425,1.27758
1776,-6.03395,2.13622,-4.41467,2.09615
1777,-2.82486,1.29318,-4.74499,1.72716
1778,-1.23939,0.223445,-3.30295,1.77937
1779,-1.36459,1.04616,-1.67295,2.61909
1780,0.259542,4.16886,1.4359,1.41073
1781,-1.10195,5.49705,1.62621,-0.500898
1782,-0.961974,7.72463,0.594323,0.163686
1783,-3.7654,7.56771,0.909298,0.375495
1784,-8.19576,7.11335,-1.16412,-0.154483
1785,-8.87315,4.69193,-2.0179,-0.0570363
1786,-9.97789,4.83347,-1.91373,-0.04876
1787,-10.2994,3.64813,-1.8575,1.08738
1788,-7.06879,5.09439,-2.8839,0.470985
1789,-1.24659,4.79336,-1.23371,1.09867
1790,-2.76108,3.63291,-0.0274375,2.11703
1791,-4.12914,0.748361,-0.293089,1.18078
1792,-5.79546,-0.417202,0.0262233,1.4318
1793,-4.8339,1.21315,1.36985,2.4772
1794,-3.0098,0.970343,-1.00097,1.85339
1795,-3.82877,1.12533,-2.88773,2.16613
1796,-1.17217,4.20191,-1.39735,2.4078
1797,0.881079,4.04891,-1.09993,3.59996
1798,5.21734,5.62839,-0.51379,3.56325
1799,6.56248,2.96352,-2.82284,3.83562
1800,7.02704,-2.50645,-3.54905,3.88799
1801,5.40846,-7.46281,-2.02195,3.05633
1802,4.99299,-3.90632,-1.90213,3.03719
1803,2.78335,-0.664096,-0.33699,3.61725
1804,-0.669005,-1.24906,-0.888239,2.58205
1805,-0.689296,1.05571,-0.736718,1.08398
1806,-2.05438,0.561886,-1.22306,-0.839419
1807,-7.27348,1.12346,-3.11965,-2.30417
1808,-12.8552,0.750758,-3.70083,-3.1719
1809,-14.7168,-0.40694,-3.39085,-3.25666
1810,-14.9962,2.14383,-1.38633,-2.60446
1811,-14.7536,1.00819,-0.443662,-0.500825
1812,-9.43476,-1.42509,-1.78075,0.903586
1813,-3.40995,0.224532,-2.30382,2.69186
1814,0.470228,2.37321,-1.43306,3.26356
1815,0.283658,2.47488,0.689937,4.39667
1816,4.61207,3.11054,1.39948,4.01154
1817,3.85842,4.83914,1.57984,2.61587
1818,5.82297,4.98544,-1.09836,3.21512
1819,8.14222,5.96364,-1.44096,2.93194
1820,10.944,5.34656,-0.535105,2.43133
1821,15.5832,3.12402,-2.4293,2.54926
1822,20.1027,1.98563,2.11142,2.87797
1823,19.1223,-0.532,0.304603,1.7768
1824,20.9444,-6.39725,-0.947367,1.90239
1825,19.2034,-10.4383,-3.41095,0.972845
1826,12.6194,-11.56,-1.29579,-0.77965
1827,9.57723,-9.84165,-0.138432,0.761575
1828,5.67826,-9.74273,1.28727,0.286929
1829,4.01559,-8.27852,1.70037,-0.184485
1830,1.19767,-7.36089,0.358316,-0.544798
1831,-1.74205,-7.48679,-1.06449,-0.121942
1832,-0.790267,-5.92735,-0.721901,-0.821933
1833,2.65276,-4.30977,-0.959251,0.199485
1834,5.40428,-3.63195,1.33807,1.2977
1835,8.26787,-4.15721,-1.37261,1.7866
1836,8.88868,-5.35477,-2.50729,2.76929
1837,8.64057,-6.8304,-0.932815,2.25568
1838,7.48019,-3.46903,0.41832,2.2468
1839,1.95505,-5.42089,-0.723029,0.826656
1840,-3.79836,-3.36175,-0.657927,0.185392
1841,-8.25858,-1.39528,-2.50479,-1.40686
1842,-9.56884,-1.19285,-3.25305,-1.84769
1843,-11.3,0.154144,-3.60113,-2.25764
1844,-11.4627,2.34891,-1.45915,-1.93229
1845,-13.3731,3.89513,-1.27773,-2.04097
1846,-17.0232,4.30099,1.55209,-0.117851
1847,-19.1393,3.00606,2.10133,-0.13252
1848,-14.7647,5.31551,1.79851,0.198971
1849,-9.57136,2.39953,2.62114,-0.274285
1850,-7.4277,1.67537,2.65739,0.358864
1851,-7.6058,-0.961671,-1.22799,0.462573
1852,-0.963022,-1.33975,-2.11095,1.47849
1853,5.91237,1.22678,-2.48575,2.17251
1854,12.3862,2.02817,-1.54963,2.2257
1855,14.4432,-0.547943,-1.54612,1.58697
1856,16.7248,-2.60273,-1.83758,0.23017
1857,21.2923,-3.1691,-0.384153,1.56815
1858,21.0678,-3.93023,0.494128,1.95179
1859,22.6903,-3.60275,-0.529001,1.52289
1860,21.5246,-7.15019,-3.18427,-0.795106
1861,16.9864,-9.666,-4.82394,-1.98651
1862,13.8328,-6.71703,-4.37613,-1.90507
1863,9.74627,-7.1024,-4.72848,-2.29635
1864,6.56038,-7.35287,-3.00404,-2.07696
1865,4.13802,-7.77184,-2.16063,-2.08579
1866,5.54948,-5.28657,-1.57915,-2.90689
1867,7.79158,-4.09198,-1.82119,-2.20986
1868,9.14596,-2.95785,0.472268,-1.38873
1869,12.6262,-3.2919,-0.85121,-0.720762
1870,14.4216,-2.86101,-0.443684,-0.311055
1871,15.0673,-4.94062,-0.123389,-0.142331
1872,13.2986,-6.39145,-1.20116,1.81679
1873,6.53565,-9.7429,-1.16706,3.79324
1874,4.7141,-7.82176,0.0313207,5.2544
1875,0.435138,-9.03987,-1.64549,3.87792
1876,-0.431678,-7.27547,-0.735985,4.07691
1877,-4.06322,-9.19339,-0.259761,2.49949
1878,-5.77671,-7.42997,-0.59358,1.51155
1879,-7.10492,-2.47261,0.329188,0.507469
1880,-6.83276,-0.800961,-1.0979,0.176662
1881,-4.16765,1.6005,-1.68261,0.60422
1882,-3.6226,2.41609,-0.55568,1.58601
1883,0.504679,2.78533,-2.08883,1.45668
1884,3.82285,2.08289,-3.09172,2.88671
1885,4.62918,-0.603738,-1.94234,3.37943
1886,1.41239,-4.43611,0.297833,2.50633
1887,1.50449,-0.392513,0.865544,3.17868
1888,5.03343,2.83146,1.25839,2.17224
1889,6.36376,4.92221,1.96709,1.5981
1890,7.26049,5.42341,0.0480261,0.914626
1891,5.08682,4.88044,-2.05901,0.985147
1892,0.970315,2.79047,-1.828,0.301438
1893,2.29805,0.337841,-3.39568,-0.589376
1894,0.636019,3.09533,-1.61716,-0.0434314
1895,0.862643,1.07136,-1.81046,-0.778722
1896,4.38168,-1.32395,-4.28693,0.0459062
1897,6.44861,3.6405,-4.14833,0.171222
1898,0.337832,2.83785,-3.66451,-1.88795
1899,-2.74395,2.46077,-1.34147,-1.11698
1900,-7.48946,0.022273,-3.01319,-3.27449
1901,-8.6927,-0.912611,-5.60704,-4.39293
1902,-6.08795,-0.107619,-6.11179,-4.12605
1903,-6.13619,0.447337,-7.05802,-2.8963
1904,-7.16419,2.43981,-6.13112,-2.55371
1905,-8.56528,1.16475,-5.78537,-2.85348
1906,-11.1495,2.72412,-3.23531,-2.51129
1907,-9.88703,3.294,-2.74498,-0.885795
1908,-7.21567,5.46937,-3.46722,2.08132
1909,-5.33835,6.82717,-2.97638,0.44225
1910,-5.73877,6.078,-2.12156,-1.1438
1911,-11.1629,3.24714,-3.55385,-3.04815
1912,-15.9667,-0.417128,-3.12094,-4.51514
1913,-19.0822,-0.593015,-2.38318,-5.96054
1914,-23.4087,-1.72005,-2.9833,-6.53116
1915,-26.5258,-0.213342,-0.980546,-6.29018
1916,-30.6706,-1.72872,-2.42378,-5.75057
1917,-31.6582,-2.49374,-0.671171,-3.49429
1918,-33.9153,-0.483365,0.718317,-2.68364
1919,-32.6547,-2.8837,0.920066,-0.77923
1920,-30.0794,-2.88403,1.86684,2.46575
1921,-23.2521,-0.181383,3.02189,3.28297
1922,-21.0486,-0.549708,0.101018,2.90855
1923,-15.2392,1.29787,1.01641,4.08302
1924,-9.6785,1.76606,-1.11293,3.17362
1925,-7.56041,3.32462,-5.23122,1.82668
1926,-1.99323,5.0856,-6.71023,2.2517
1927,-0.600051,3.96759,-6.98947,1.69534
1928,-2.2442,1.32039,-7.21642,0.731122
1929,1.09784,-0.46467,-7.77985,3.03794
1930,0.159173,-0.388797,-5.13381,4.74905
1931,-0.77863,-0.525927,-4.75692,4.9212
1932,-3.24879,-1.84061,-7.26505,5.37242
1933,-7.11823,-5.48146,-7.04558,4.06275
1934,-8.06909,-6.46137,-6.99473,2.52907
1935,-8.35276,-3.09127,-4.45954,2.96419
1936,-7.86667,-1.53596,-2.11849,1.57993
1937,-5.87305,3.22003,-1.40375,1.2451
1938,-3.80545,4.56575,-2.75154,0.531109
1939,-0.709298,4.64161,-5.24782,0.127118
1940,2.46981,5.14401,-5.06393,0.247996
1941,3.23681,4.67148,-3.87724,0.597872
1942,7.69052,6.5551,-4.30347,-0.522035
1943,9.08303,5.88342,-3.23919,-0.122738
1944,9.77194,5.76086,-3.40398,2.88218
1945,10.4687,1.94996,-4.55467,0.334076
1946,8.26528,1.83116,-4.89787,-2.39375
1947,3.27643,3.35625,-4.29556,-3.07795
1948,0.934558,2.76257,-2.94398,-3.64182
1949,-1.35983,4.1926,-2.56087,-3.44603
1950,-2.6954,3.109,-3.188,-4.32815
1951,-3.10408,5.78924,-4.49382,-4.47197
1952,-6.49157,5.73586,-4.77586,-4.54638
1953,-11.6476,5.49464,-5.79658,-3.31865
1954,-13.2763,5.41545,-3.01423,-2.76432
1955,-12.1119,3.23409,-2.83397,-3.0651
1956,-7.52221,2.1787,-2.25226,0.337636
1957,-7.22664,1.9336,-2.00052,0.0507727
1958,-9.68963,2.23416,0.342575,1.5946
1959,-9.24756,2.63248,0.77492,2.13975
1960,-8.82001,3.14488,-1.49663,-1.51071
1961,-7.41259,5.85228,-1.33034,-1.87031
1962,-5.04833,9.15509,-4.53053,-2.18582
1963,-4.1859,9.44043,-6.41361,-2.2895
1964,-3.00286,9.49747,-4.87235,-1.96642
1965,-5.80896,10.0523,-3.65643,-1.82356
1966,-8.79866,8.3464,-1.55707,-0.875335
1967,-9.18657,7.96891,-3.41499,-0.00808986
1968,-6.41567,6.5831,-2.97889,0.939956
1969,-7.02379,2.71903,-5.19155,0.656734
1970,-8.02245,4.17074,-5.01164,1.89065
1971,-9.78625,3.0433,-4.2599,2.12384
1972,-1.04262,1.91074,-3.76169,0.353937
1973,2.40837,5.69189,-3.43202,0.514201
1974,4.68146,5.57903,-3.23582,-0.611237
1975,5.1241,4.00464,-5.19313,0.876852
1976,9.09877,6.49463,-4.31996,0.523855
1977,12.7914,3.11622,-5.16683,-0.98752
1978,12.3551,3.19011,-4.90193,-1.20398
1979,10.9171,-0.489161,-3.65296,-1.06186
1980,13.1332,-4.68093,-2.72582,0.284924
1981,12.1816,-5.13937,-2.40727,1.19221
1982,6.94873,-3.36283,-1.69245,1.58285
1983,6.55633,0.316265,-1.88402,1.06354
